direction,family,label,candidate,reference,metric,metric_label,subjects,candidate_mean,reference_mean,candidate_minus_reference,reported_change,reported_change_ci95_low,reported_change_ci95_high,change_orientation,wilcoxon_p,cohen_dz,rank_biserial,wilcoxon_p_holm
A,uniform_multiscale_vs_single_scale,uniform multiscale vs 1 s,A3,A0,accuracy,Accuracy,16,0.6337962962962963,0.5805555555555556,0.053240740740740776,0.053240740740740776,0.024537037037037086,0.0828703703703704,higher_is_better,0.004816297295584725,0.8705728166892548,0.8014705882352942,0.06261186484260142
A,uniform_multiscale_vs_single_scale,uniform multiscale vs 1 s,A3,A0,balanced_accuracy,Balanced Accuracy,16,0.592335390946502,0.5833333333333333,0.00900205761316875,0.00900205761316875,-0.020318930041152223,0.03883744855967079,higher_is_better,0.5097974849608639,0.14435589936927826,0.2,1.0
A,uniform_multiscale_vs_single_scale,uniform multiscale vs 1 s,A3,A0,macro_f1,Macro-F1,16,0.5718909463929452,0.5360380540236469,0.0358528923692983,0.0358528923692983,0.00225983958448033,0.06835030122913628,higher_is_better,0.021392822265625,0.5137618824668507,0.6470588235294118,0.235321044921875
A,uniform_multiscale_vs_single_scale,uniform multiscale vs 1 s,A3,A0,worst_class_recall,Worst-class recall,16,0.3950617283950617,0.3487654320987654,0.04629629629629628,0.04629629629629628,-0.02469135802469136,0.10956790123456789,higher_is_better,0.1399507141264345,0.3241926847740191,0.45714285714285713,1.0
A,uniform_multiscale_vs_single_scale,uniform multiscale vs 1 s,A3,A0,recall_gap,Recall gap,16,0.3966049382716049,0.47530864197530864,-0.07870370370370372,0.07870370370370372,-0.0030864197530864126,0.15432098765432098,gap_reduction_positive,0.09344482421875,0.46914331589927316,0.47058823529411764,0.74755859375
A,uniform_multiscale_vs_single_scale,uniform multiscale vs 1 s,A3,A0,recall_positive,Recall/positive,16,0.5879629629629629,0.574074074074074,0.013888888888888902,0.013888888888888902,-0.05787037037037038,0.08333333333333331,higher_is_better,0.485061464333312,0.09419256736937413,0.15441176470588236,1.0
A,uniform_multiscale_vs_single_scale,uniform multiscale vs 1 s,A3,A0,recall_neutral,Recall/neutral,16,0.4930555555555556,0.599537037037037,-0.10648148148148145,-0.10648148148148145,-0.18055555555555552,-0.013888888888888867,higher_is_better,0.018451006451052264,-0.5854357085976007,-0.6857142857142857,0.276765096765784
A,uniform_multiscale_vs_single_scale,uniform multiscale vs 1 s,A3,A0,recall_negative,Recall/negative,16,0.6959876543209876,0.5763888888888888,0.11959876543209874,0.11959876543209874,0.07253086419753087,0.16512345679012347,higher_is_better,0.0013290522339976572,1.2280462489477897,0.9416666666666667,0.018606731275967202
A,uniform_multiscale_vs_single_scale,uniform multiscale vs 1 s,A3,A0,prediction_rate_positive,Prediction rate/positive,16,0.28564814814814815,0.31666666666666665,-0.03101851851851851,-0.03101851851851851,-0.08657407407407405,0.014351851851851874,descriptive_raw_change,0.528167724609375,-0.2905167912814768,-0.20588235294117646,1.0
A,uniform_multiscale_vs_single_scale,uniform multiscale vs 1 s,A3,A0,prediction_rate_neutral,Prediction rate/neutral,16,0.16342592592592592,0.22314814814814815,-0.059722222222222204,-0.059722222222222204,-0.09398148148148147,-0.019444444444444438,descriptive_raw_change,0.009185791015625,-0.7638977912140678,-0.7279411764705882,0.12860107421875
A,uniform_multiscale_vs_single_scale,uniform multiscale vs 1 s,A3,A0,prediction_rate_negative,Prediction rate/negative,16,0.5509259259259259,0.4601851851851852,0.09074074074074076,0.09074074074074076,0.05045138888888893,0.12916666666666665,descriptive_raw_change,0.0027032556771871335,1.0785523602488902,0.8382352941176471,0.03514232380343273
A,uniform_multiscale_vs_single_scale,uniform multiscale vs 2 s,A3,A1,accuracy,Accuracy,16,0.6337962962962963,0.5680555555555555,0.06574074074074077,0.06574074074074077,0.04305555555555557,0.0888888888888889,higher_is_better,0.0007732580442738505,1.3526386223751716,0.9411764705882353,0.011598870664107757
A,uniform_multiscale_vs_single_scale,uniform multiscale vs 2 s,A3,A1,balanced_accuracy,Balanced Accuracy,16,0.592335390946502,0.5748456790123456,0.01748971193415637,0.01748971193415637,-0.003858024691358028,0.036008230452674886,higher_is_better,0.09279867909722543,0.41396976670034163,0.4852941176470588,1.0
A,uniform_multiscale_vs_single_scale,uniform multiscale vs 2 s,A3,A1,macro_f1,Macro-F1,16,0.5718909463929452,0.5252203788540416,0.04667056753890362,0.04667056753890362,0.02147839731934479,0.06811851138924238,higher_is_better,0.00628662109375,0.9439013624753873,0.75,0.0880126953125
A,uniform_multiscale_vs_single_scale,uniform multiscale vs 2 s,A3,A1,worst_class_recall,Worst-class recall,16,0.3950617283950617,0.32793209876543206,0.06712962962962962,0.06712962962962962,0.016975308641975308,0.11419753086419751,higher_is_better,0.02469324720009693,0.6462423585928643,0.675,0.345705460801357
A,uniform_multiscale_vs_single_scale,uniform multiscale vs 2 s,A3,A1,recall_gap,Recall gap,16,0.3966049382716049,0.4876543209876544,-0.0910493827160494,0.0910493827160494,0.016203703703703727,0.1597222222222222,gap_reduction_positive,0.0318512353515821,0.6076256279339612,0.6176470588235294,0.35036358886740315
A,uniform_multiscale_vs_single_scale,uniform multiscale vs 2 s,A3,A1,recall_positive,Recall/positive,16,0.5879629629629629,0.6157407407407407,-0.02777777777777778,-0.02777777777777778,-0.09259259259259259,0.0300925925925926,higher_is_better,0.5287333251214301,-0.2124154440138828,-0.1619047619047619,1.0
A,uniform_multiscale_vs_single_scale,uniform multiscale vs 2 s,A3,A1,recall_neutral,Recall/neutral,16,0.4930555555555556,0.5509259259259259,-0.05787037037037037,-0.05787037037037037,-0.13425925925925924,0.013888888888888862,higher_is_better,0.2767260855366276,-0.36832741482314807,-0.3523809523809524,1.0
A,uniform_multiscale_vs_single_scale,uniform multiscale vs 2 s,A3,A1,recall_negative,Recall/negative,16,0.6959876543209876,0.5578703703703703,0.1381172839506173,0.1381172839506173,0.09722222222222227,0.18055555555555558,higher_is_better,3.0517578125e-05,1.5610254054238457,1.0,0.00048828125
A,uniform_multiscale_vs_single_scale,uniform multiscale vs 2 s,A3,A1,prediction_rate_positive,Prediction rate/positive,16,0.28564814814814815,0.34953703703703703,-0.06388888888888888,-0.06388888888888888,-0.10787037037037038,-0.02592592592592592,descriptive_raw_change,0.005643484897313152,-0.7363909255204872,-0.7794117647058824,0.08465227345969728
A,uniform_multiscale_vs_single_scale,uniform multiscale vs 2 s,A3,A1,prediction_rate_neutral,Prediction rate/neutral,16,0.16342592592592592,0.21157407407407408,-0.04814814814814815,-0.04814814814814815,-0.08240740740740737,-0.014351851851851845,descriptive_raw_change,0.019877958489914162,-0.6728139203587954,-0.7047619047619048,0.25841346036888413
A,uniform_multiscale_vs_single_scale,uniform multiscale vs 2 s,A3,A1,prediction_rate_negative,Prediction rate/negative,16,0.5509259259259259,0.4388888888888889,0.11203703703703706,0.11203703703703706,0.08055555555555557,0.1439814814814815,descriptive_raw_change,3.0517578125e-05,1.6704466013424597,1.0,0.00048828125
A,uniform_multiscale_vs_single_scale,uniform multiscale vs 4 s,A3,A2,accuracy,Accuracy,16,0.6337962962962963,0.5814814814814815,0.05231481481481483,0.05231481481481483,0.025000000000000015,0.07962962962962966,higher_is_better,0.004100612752272012,0.9033046026866115,0.8088235294117647,0.05740857853180817
A,uniform_multiscale_vs_single_scale,uniform multiscale vs 4 s,A3,A2,balanced_accuracy,Balanced Accuracy,16,0.592335390946502,0.5565843621399177,0.03575102880658436,0.03575102880658436,0.008230452674897103,0.06224279835390946,higher_is_better,0.029818382500813,0.6265924764712636,0.6102941176470589,0.417457355011382
A,uniform_multiscale_vs_single_scale,uniform multiscale vs 4 s,A3,A2,macro_f1,Macro-F1,16,0.5718909463929452,0.5196662273568695,0.05222471903607586,0.05222471903607586,0.017614510082897075,0.08311717997661226,higher_is_better,0.00762939453125,0.7607506286144523,0.7352941176470589,0.09918212890625
A,uniform_multiscale_vs_single_scale,uniform multiscale vs 4 s,A3,A2,worst_class_recall,Worst-class recall,16,0.3950617283950617,0.3047839506172839,0.09027777777777776,0.09027777777777776,0.03626543209876542,0.13348765432098764,higher_is_better,0.009713338417677323,0.8717566084037516,0.7352941176470589,0.15541341468283718
A,uniform_multiscale_vs_single_scale,uniform multiscale vs 4 s,A3,A2,recall_gap,Recall gap,16,0.3966049382716049,0.5123456790123457,-0.11574074074074077,0.11574074074074077,0.042438271604938294,0.17978395061728394,gap_reduction_positive,0.0199501784368676,0.8008141834653382,0.6617647058823529,0.2593523196792788
A,uniform_multiscale_vs_single_scale,uniform multiscale vs 4 s,A3,A2,recall_positive,Recall/positive,16,0.5879629629629629,0.5740740740740741,0.013888888888888888,0.013888888888888888,-0.03935185185185185,0.06481481481481484,higher_is_better,0.6491005515874427,0.12558275374183817,0.15,1.0
A,uniform_multiscale_vs_single_scale,uniform multiscale vs 4 s,A3,A2,recall_neutral,Recall/neutral,16,0.4930555555555556,0.47685185185185186,0.01620370370370372,0.01620370370370372,-0.07870370370370364,0.10648148148148148,higher_is_better,0.6494310040576072,0.0826858809229459,0.10476190476190476,1.0
A,uniform_multiscale_vs_single_scale,uniform multiscale vs 4 s,A3,A2,recall_negative,Recall/negative,16,0.6959876543209876,0.6188271604938271,0.07716049382716048,0.07716049382716048,0.03703703703703703,0.11882716049382716,higher_is_better,0.00408817738995449,0.8868445684507538,0.8235294117647058,0.053146306069408365
A,uniform_multiscale_vs_single_scale,uniform multiscale vs 4 s,A3,A2,prediction_rate_positive,Prediction rate/positive,16,0.28564814814814815,0.3324074074074074,-0.046759259259259243,-0.046759259259259243,-0.09120370370370368,-0.005092592592592583,descriptive_raw_change,0.14042971202851484,-0.5114019104587295,-0.4264705882352941,1.0
A,uniform_multiscale_vs_single_scale,uniform multiscale vs 4 s,A3,A2,prediction_rate_neutral,Prediction rate/neutral,16,0.16342592592592592,0.17129629629629628,-0.007870370370370363,-0.007870370370370363,-0.0560185185185185,0.03472222222222222,descriptive_raw_change,0.9587262795379584,-0.08258319375060265,0.007352941176470588,1.0
A,uniform_multiscale_vs_single_scale,uniform multiscale vs 4 s,A3,A2,prediction_rate_negative,Prediction rate/negative,16,0.5509259259259259,0.49629629629629635,0.05462962962962961,0.05462962962962961,0.018969907407407387,0.09490740740740737,descriptive_raw_change,0.01839761459660588,0.6808981704419187,0.6916666666666667,0.1655785313694529
B,uniform_multiscale_vs_single_scale,uniform multiscale vs 1 s,B3,B0,accuracy,Accuracy,20,0.5129166666666667,0.46541666666666676,0.0475,0.0475,0.035416666666666693,0.059375,higher_is_better,0.00019540793740897315,1.7177929501260822,1.0,0.0031265269985435704
B,uniform_multiscale_vs_single_scale,uniform multiscale vs 1 s,B3,B0,balanced_accuracy,Balanced Accuracy,20,0.5828703703703704,0.5621527777777777,0.020717592592592614,0.020717592592592614,0.006131365740740739,0.03611111111111111,higher_is_better,0.017582795345746867,0.5805950959626472,0.6052631578947368,0.263741930186203
B,uniform_multiscale_vs_single_scale,uniform multiscale vs 1 s,B3,B0,macro_f1,Macro-F1,20,0.47120306054515293,0.4404982912750051,0.030704769270147803,0.030704769270147803,0.019719424881139865,0.04188309687216902,higher_is_better,2.6702880859375e-05,1.189925230327024,0.9428571428571428,0.00042724609375
B,uniform_multiscale_vs_single_scale,uniform multiscale vs 1 s,B3,B0,worst_class_recall,Worst-class recall,20,0.3552083333333333,0.3434027777777778,0.011805555555555555,0.011805555555555555,-0.014236111111111125,0.03715277777777779,higher_is_better,0.3045017822240573,0.19418478945152526,0.2894736842105263,1.0
B,uniform_multiscale_vs_single_scale,uniform multiscale vs 1 s,B3,B0,recall_gap,Recall gap,20,0.5111111111111111,0.5086805555555555,0.0024305555555555456,-0.0024305555555555456,-0.04027777777777776,0.035772569444443715,gap_reduction_positive,0.8226692365051227,-0.02735434067981564,-0.06315789473684211,1.0
B,uniform_multiscale_vs_single_scale,uniform multiscale vs 1 s,B3,B0,recall_positive,Recall/positive,20,0.38125,0.43611111111111106,-0.05486111111111112,-0.05486111111111112,-0.09861111111111112,-0.01597222222222221,higher_is_better,0.02547520661086829,-0.5624911428822814,-0.5789473684210527,0.40760330577389264
B,uniform_multiscale_vs_single_scale,uniform multiscale vs 1 s,B3,B0,recall_neutral,Recall/neutral,20,0.8437500000000002,0.83125,0.012499999999999997,0.012499999999999997,-0.025000000000000012,0.05208333333333333,higher_is_better,0.48585175452819007,0.13923991921155662,0.21904761904761905,1.0
B,uniform_multiscale_vs_single_scale,uniform multiscale vs 1 s,B3,B0,recall_negative,Recall/negative,20,0.5236111111111111,0.41909722222222223,0.1045138888888889,0.1045138888888889,0.08229166666666668,0.1277777777777778,higher_is_better,8.832385863081277e-05,1.9472644523860454,1.0,0.0013248578794621917
B,uniform_multiscale_vs_single_scale,uniform multiscale vs 1 s,B3,B0,prediction_rate_positive,Prediction rate/positive,20,0.22562500000000002,0.2847916666666666,-0.059166666666666666,-0.059166666666666666,-0.08979166666666667,-0.031875,descriptive_raw_change,0.001017794509228971,-0.8630748043496872,-0.8333333333333334,0.016284712147663537
B,uniform_multiscale_vs_single_scale,uniform multiscale vs 1 s,B3,B0,prediction_rate_neutral,Prediction rate/neutral,20,0.35833333333333334,0.38312500000000005,-0.024791666666666667,-0.024791666666666667,-0.04875,-0.0018749999999999906,descriptive_raw_change,0.0907333597174521,-0.45613591854045343,-0.4473684210526316,0.7462108623320812
B,uniform_multiscale_vs_single_scale,uniform multiscale vs 1 s,B3,B0,prediction_rate_negative,Prediction rate/negative,20,0.41604166666666664,0.33208333333333334,0.08395833333333332,0.08395833333333332,0.0625,0.10666666666666666,descriptive_raw_change,0.0001032027839634719,1.6285968255808119,0.9904761904761905,0.0015480417594520785
B,uniform_multiscale_vs_single_scale,uniform multiscale vs 2 s,B3,B1,accuracy,Accuracy,20,0.5129166666666667,0.5066666666666666,0.006249999999999989,0.006249999999999989,-0.01041666666666669,0.02312499999999998,higher_is_better,0.6142368188613654,0.15918807031584725,0.11904761904761904,1.0
B,uniform_multiscale_vs_single_scale,uniform multiscale vs 2 s,B3,B1,balanced_accuracy,Balanced Accuracy,20,0.5828703703703704,0.5604166666666666,0.02245370370370372,0.02245370370370372,0.00011284722222220682,0.04224537037037039,higher_is_better,0.008001512634903668,0.45677648384247976,0.6523809523809524,0.1280242021584587
B,uniform_multiscale_vs_single_scale,uniform multiscale vs 2 s,B3,B1,macro_f1,Macro-F1,20,0.47120306054515293,0.46109360318660386,0.010109457358549071,0.010109457358549071,-0.005684870374008571,0.025368782037121562,higher_is_better,0.20244979858398438,0.28007914048015925,0.3333333333333333,1.0
B,uniform_multiscale_vs_single_scale,uniform multiscale vs 2 s,B3,B1,worst_class_recall,Worst-class recall,20,0.3552083333333333,0.3420138888888889,0.013194444444444443,0.013194444444444443,-0.013194444444444448,0.03888888888888889,higher_is_better,0.37186037196538413,0.2151471543291395,0.23976608187134502,1.0
B,uniform_multiscale_vs_single_scale,uniform multiscale vs 2 s,B3,B1,recall_gap,Recall gap,20,0.5111111111111111,0.4736111111111111,0.037499999999999985,-0.037499999999999985,-0.08784722222222219,0.01215277777777778,gap_reduction_positive,0.1670360918434789,-0.31999251488251756,-0.3523809523809524,0.9814389473307726
B,uniform_multiscale_vs_single_scale,uniform multiscale vs 2 s,B3,B1,recall_positive,Recall/positive,20,0.38125,0.375,0.006249999999999994,0.006249999999999994,-0.02777777777777778,0.03958333333333332,higher_is_better,0.5692359921871408,0.07935722625693697,0.16911764705882354,1.0
B,uniform_multiscale_vs_single_scale,uniform multiscale vs 2 s,B3,B1,recall_neutral,Recall/neutral,20,0.8437500000000002,0.7791666666666666,0.06458333333333334,0.06458333333333334,0.00208333333333334,0.12083333333333335,higher_is_better,0.003696193711226785,0.4673984963508148,0.7660818713450293,0.05913909937962856
B,uniform_multiscale_vs_single_scale,uniform multiscale vs 2 s,B3,B1,recall_negative,Recall/negative,20,0.5236111111111111,0.5270833333333333,-0.0034722222222222238,-0.0034722222222222238,-0.03402777777777776,0.02777777777777778,higher_is_better,0.47785692745000774,-0.047776107661035246,-0.1695906432748538,1.0
B,uniform_multiscale_vs_single_scale,uniform multiscale vs 2 s,B3,B1,prediction_rate_positive,Prediction rate/positive,20,0.22562500000000002,0.21958333333333332,0.006041666666666669,0.006041666666666669,-0.019171874999999998,0.025208333333333333,descriptive_raw_change,0.10423099628676512,0.11353702705588956,0.3904761904761905,1.0
B,uniform_multiscale_vs_single_scale,uniform multiscale vs 2 s,B3,B1,prediction_rate_neutral,Prediction rate/neutral,20,0.35833333333333334,0.34833333333333333,0.009999999999999995,0.009999999999999995,-0.015838541666666695,0.03458333333333332,descriptive_raw_change,0.3410635046752465,0.16955398909191163,0.22857142857142856,1.0
B,uniform_multiscale_vs_single_scale,uniform multiscale vs 2 s,B3,B1,prediction_rate_negative,Prediction rate/negative,20,0.41604166666666664,0.43208333333333326,-0.016041666666666673,-0.016041666666666673,-0.04604166666666668,0.015208333333333329,descriptive_raw_change,0.13645802183406863,-0.22344817056682545,-0.3894736842105263,0.6822901091703432
B,uniform_multiscale_vs_single_scale,uniform multiscale vs 4 s,B3,B2,accuracy,Accuracy,20,0.5129166666666667,0.4810416666666666,0.03187499999999999,0.03187499999999999,0.013958333333333336,0.04979166666666666,higher_is_better,0.005580902099609375,0.7546353644659145,0.6857142857142857,0.0669708251953125
B,uniform_multiscale_vs_single_scale,uniform multiscale vs 4 s,B3,B2,balanced_accuracy,Balanced Accuracy,20,0.5828703703703704,0.567476851851852,0.015393518518518529,0.015393518518518529,0.0028935185185185036,0.028819444444444453,higher_is_better,0.041852376902621266,0.4992844711814952,0.5285714285714286,0.5440808997340765
B,uniform_multiscale_vs_single_scale,uniform multiscale vs 4 s,B3,B2,macro_f1,Macro-F1,20,0.47120306054515293,0.4432053870998864,0.027997673445266512,0.027997673445266512,0.01364974429282457,0.042521692998368284,higher_is_better,0.0014324188232421875,0.8327976488244156,0.7714285714285715,0.021486282348632812
B,uniform_multiscale_vs_single_scale,uniform multiscale vs 4 s,B3,B2,worst_class_recall,Worst-class recall,20,0.3552083333333333,0.3076388888888889,0.047569444444444435,0.047569444444444435,0.01701388888888889,0.07881944444444441,higher_is_better,0.016823589150685544,0.6587323843115727,0.6095238095238096,0.25235383726028315
B,uniform_multiscale_vs_single_scale,uniform multiscale vs 4 s,B3,B2,recall_gap,Recall gap,20,0.5111111111111111,0.5850694444444445,-0.07395833333333332,0.07395833333333332,0.02013888888888889,0.12500868055555486,gap_reduction_positive,0.01489596910690919,0.602503179753483,0.6421052631578947,0.23833550571054704
B,uniform_multiscale_vs_single_scale,uniform multiscale vs 4 s,B3,B2,recall_positive,Recall/positive,20,0.38125,0.33611111111111114,0.04513888888888888,0.04513888888888888,-0.0027777777777777805,0.08958333333333332,higher_is_better,0.049920048917607665,0.4248705142764164,0.5047619047619047,0.6458571325559056
B,uniform_multiscale_vs_single_scale,uniform multiscale vs 4 s,B3,B2,recall_neutral,Recall/neutral,20,0.8437500000000002,0.8791666666666667,-0.03541666666666668,-0.03541666666666668,-0.06458333333333335,-0.00416666666666668,higher_is_better,0.03326139990737115,-0.49269643692305676,-0.5380116959064327,0.46565959870319606
B,uniform_multiscale_vs_single_scale,uniform multiscale vs 4 s,B3,B2,recall_negative,Recall/negative,20,0.5236111111111111,0.48715277777777777,0.036458333333333336,0.036458333333333336,-0.001050347222222253,0.07709201388888816,higher_is_better,0.09659434751047219,0.3957484332627315,0.42857142857142855,0.5795660850628331
B,uniform_multiscale_vs_single_scale,uniform multiscale vs 4 s,B3,B2,prediction_rate_positive,Prediction rate/positive,20,0.22562500000000002,0.203125,0.0225,0.0225,-0.013958333333333328,0.05395833333333331,descriptive_raw_change,0.07306305464454285,0.2835128329765614,0.46190476190476193,0.9498197103790571
B,uniform_multiscale_vs_single_scale,uniform multiscale vs 4 s,B3,B2,prediction_rate_neutral,Prediction rate/neutral,20,0.35833333333333334,0.3995833333333333,-0.04125,-0.04125,-0.06645833333333333,-0.01729166666666667,descriptive_raw_change,0.00571709632951086,-0.7271594466988595,-0.7,0.08575644494266291
B,uniform_multiscale_vs_single_scale,uniform multiscale vs 4 s,B3,B2,prediction_rate_negative,Prediction rate/negative,20,0.41604166666666664,0.3972916666666667,0.018750000000000003,0.018750000000000003,-0.014791666666666665,0.055624999999999994,descriptive_raw_change,0.3600821146225286,0.22782024480217736,0.22380952380952382,0.9198723691945013
A,full_vs_uniform,full class-conditional method vs uniform multiscale,A_main,A3,accuracy,Accuracy,16,0.6402777777777778,0.6337962962962963,0.006481481481481456,0.006481481481481456,-0.008796296296296309,0.021296296296296292,higher_is_better,0.4222293396575816,0.20334179301972946,0.2426470588235294,1.0
A,full_vs_uniform,full class-conditional method vs uniform multiscale,A_main,A3,balanced_accuracy,Balanced Accuracy,16,0.5964506172839505,0.592335390946502,0.004115226337448565,0.004115226337448565,-0.012602880658436205,0.023405349794238674,higher_is_better,0.8563114607187767,0.10833784750436003,-0.051470588235294115,1.0
A,full_vs_uniform,full class-conditional method vs uniform multiscale,A_main,A3,macro_f1,Macro-F1,16,0.57558025610182,0.5718909463929452,0.003689309708874714,0.003689309708874714,-0.014374298186731657,0.02360126953149458,higher_is_better,0.93988037109375,0.09144115860072966,0.029411764705882353,1.0
A,full_vs_uniform,full class-conditional method vs uniform multiscale,A_main,A3,worst_class_recall,Worst-class recall,16,0.38425925925925924,0.3950617283950617,-0.01080246913580247,-0.01080246913580247,-0.04243827160493828,0.022376543209876552,higher_is_better,0.6046720395658058,-0.1556965792884058,-0.20588235294117646,1.0
A,full_vs_uniform,full class-conditional method vs uniform multiscale,A_main,A3,recall_gap,Recall gap,16,0.4174382716049383,0.3966049382716049,0.020833333333333336,-0.020833333333333336,-0.07021604938271606,0.027777777777777776,gap_reduction_positive,0.4225401109197746,-0.19948076704087037,-0.19852941176470587,1.0
A,full_vs_uniform,full class-conditional method vs uniform multiscale,A_main,A3,recall_positive,Recall/positive,16,0.5393518518518519,0.5879629629629629,-0.04861111111111112,-0.04861111111111112,-0.08564814814814818,-0.011574074074074084,higher_is_better,0.0328647177668939,-0.6100253790591911,-0.625,0.49297076650340843
A,full_vs_uniform,full class-conditional method vs uniform multiscale,A_main,A3,recall_neutral,Recall/neutral,16,0.5439814814814815,0.4930555555555556,0.050925925925925916,0.050925925925925916,-0.006944444444444434,0.11111111111111109,higher_is_better,0.09938236317579369,0.4111658753461677,0.4945054945054945,1.0
A,full_vs_uniform,full class-conditional method vs uniform multiscale,A_main,A3,recall_negative,Recall/negative,16,0.7060185185185186,0.6959876543209876,0.010030864197530888,0.010030864197530888,-0.020833333333333315,0.0416666666666667,higher_is_better,0.5517639051903801,0.15097510706104278,0.15384615384615385,1.0
A,full_vs_uniform,full class-conditional method vs uniform multiscale,A_main,A3,prediction_rate_positive,Prediction rate/positive,16,0.25462962962962965,0.28564814814814815,-0.03101851851851853,-0.03101851851851853,-0.05555555555555558,-0.006944444444444461,descriptive_raw_change,0.027930581314292737,-0.6042300141093218,-0.6813186813186813,0.3910281384000983
A,full_vs_uniform,full class-conditional method vs uniform multiscale,A_main,A3,prediction_rate_neutral,Prediction rate/neutral,16,0.18425925925925926,0.16342592592592592,0.02083333333333333,0.02083333333333333,0.0009259259259259247,0.04074074074074074,descriptive_raw_change,0.08291231803689791,0.503283083934926,0.5333333333333333,0.7462108623320812
A,full_vs_uniform,full class-conditional method vs uniform multiscale,A_main,A3,prediction_rate_negative,Prediction rate/negative,16,0.5611111111111111,0.5509259259259259,0.010185185185185193,0.010185185185185193,-0.019444444444444417,0.038888888888888896,descriptive_raw_change,0.3066241230648338,0.16643757148392077,0.26666666666666666,0.9198723691945013
A,feature_pyramid,feature-pyramid contribution,A_main,A4,accuracy,Accuracy,16,0.6402777777777778,0.6319444444444444,0.008333333333333338,0.008333333333333338,-0.01157407407407409,0.028240740740740726,higher_is_better,0.4098204658112755,0.1968842291645559,0.23333333333333334,1.0
A,feature_pyramid,feature-pyramid contribution,A_main,A4,balanced_accuracy,Balanced Accuracy,16,0.5964506172839505,0.5943930041152263,0.0020576131687242843,0.0020576131687242843,-0.020318930041152268,0.02366255144032921,higher_is_better,0.7173356752327977,0.044309714345054464,0.08823529411764706,1.0
A,feature_pyramid,feature-pyramid contribution,A_main,A4,macro_f1,Macro-F1,16,0.57558025610182,0.5700204032971976,0.005559852804622293,0.005559852804622293,-0.022470903368294968,0.02961471103784538,higher_is_better,0.433197021484375,0.10277563336814832,0.23529411764705882,1.0
A,feature_pyramid,feature-pyramid contribution,A_main,A4,worst_class_recall,Worst-class recall,16,0.38425925925925924,0.38966049382716045,-0.005401234567901248,-0.005401234567901248,-0.05941358024691359,0.04243827160493825,higher_is_better,0.9498704530360561,-0.05040765286589363,0.0,1.0
A,feature_pyramid,feature-pyramid contribution,A_main,A4,recall_gap,Recall gap,16,0.4174382716049383,0.4104938271604938,0.006944444444444434,-0.006944444444444434,-0.0640432098765432,0.04706790123456792,gap_reduction_positive,0.7762492904374707,-0.05907567349787808,-0.09166666666666666,1.0
A,feature_pyramid,feature-pyramid contribution,A_main,A4,recall_positive,Recall/positive,16,0.5393518518518519,0.537037037037037,0.0023148148148147904,0.0023148148148147904,-0.04861111111111112,0.0509259259259259,higher_is_better,0.8504362683123465,0.022195567011349886,0.02197802197802198,1.0
A,feature_pyramid,feature-pyramid contribution,A_main,A4,recall_neutral,Recall/neutral,16,0.5439814814814815,0.5578703703703705,-0.013888888888888888,-0.013888888888888888,-0.07407407407407406,0.03472222222222223,higher_is_better,0.937424867850712,-0.11948493522696867,0.0,1.0
A,feature_pyramid,feature-pyramid contribution,A_main,A4,recall_negative,Recall/negative,16,0.7060185185185186,0.6882716049382716,0.017746913580246926,0.017746913580246926,-0.01003086419753087,0.04938271604938271,higher_is_better,0.2203297530976842,0.2819395364753253,0.34615384615384615,0.8813190123907368
A,feature_pyramid,feature-pyramid contribution,A_main,A4,prediction_rate_positive,Prediction rate/positive,16,0.25462962962962965,0.26203703703703707,-0.007407407407407416,-0.007407407407407416,-0.03657407407407408,0.019444444444444434,descriptive_raw_change,0.6789636789540323,-0.12500000000000017,-0.11666666666666667,1.0
A,feature_pyramid,feature-pyramid contribution,A_main,A4,prediction_rate_neutral,Prediction rate/neutral,16,0.18425925925925926,0.19490740740740742,-0.01064814814814815,-0.01064814814814815,-0.03333333333333334,0.010648148148148143,descriptive_raw_change,0.4601205951147044,-0.22960846870217033,-0.25274725274725274,1.0
A,feature_pyramid,feature-pyramid contribution,A_main,A4,prediction_rate_negative,Prediction rate/negative,16,0.5611111111111111,0.5430555555555556,0.018055555555555568,0.018055555555555568,-0.011111111111111082,0.04814814814814816,descriptive_raw_change,0.3256273578347909,0.2867399024652863,0.27205882352941174,0.9198723691945013
A,boundary_attractor,boundary-attractor contribution,A_main,A5,accuracy,Accuracy,16,0.6402777777777778,0.6361111111111111,0.004166666666666666,0.004166666666666666,-0.0050925925925926,0.013888888888888881,higher_is_better,0.40733789365694373,0.20777592666645345,0.22058823529411764,1.0
A,boundary_attractor,boundary-attractor contribution,A_main,A5,balanced_accuracy,Balanced Accuracy,16,0.5964506172839505,0.5859053497942387,0.010545267489711931,0.010545267489711931,-0.002829218106995872,0.024948559670781918,higher_is_better,0.2218549076358508,0.36240732597795744,0.38095238095238093,1.0
A,boundary_attractor,boundary-attractor contribution,A_main,A5,macro_f1,Macro-F1,16,0.57558025610182,0.5663955962754175,0.009184659826402507,0.009184659826402507,-0.004222025528007506,0.023850351476589295,higher_is_better,0.375457763671875,0.3099081045159176,0.2647058823529412,1.0
A,boundary_attractor,boundary-attractor contribution,A_main,A5,worst_class_recall,Worst-class recall,16,0.38425925925925924,0.35108024691358025,0.03317901234567901,0.03317901234567901,0.0015432098765432098,0.06712962962962962,higher_is_better,0.1312374732284482,0.4814290883483278,0.4666666666666667,1.0
A,boundary_attractor,boundary-attractor contribution,A_main,A5,recall_gap,Recall gap,16,0.4174382716049383,0.44830246913580246,-0.030864197530864203,0.030864197530864203,-0.011574074074074065,0.07330246913580248,gap_reduction_positive,0.15719669871916558,0.3440511766019877,0.4,0.9814389473307726
A,boundary_attractor,boundary-attractor contribution,A_main,A5,recall_positive,Recall/positive,16,0.5393518518518519,0.5069444444444444,0.0324074074074074,0.0324074074074074,-0.004629629629629633,0.06944444444444442,higher_is_better,0.08493405948743173,0.41793217198515364,0.5494505494505495,0.934274654361749
A,boundary_attractor,boundary-attractor contribution,A_main,A5,recall_neutral,Recall/neutral,16,0.5439814814814815,0.5393518518518519,0.004629629629629635,0.004629629629629635,-0.025462962962962965,0.034722222222222224,higher_is_better,0.6368313700380606,0.07492511231282757,0.15151515151515152,1.0
A,boundary_attractor,boundary-attractor contribution,A_main,A5,recall_negative,Recall/negative,16,0.7060185185185186,0.7114197530864197,-0.005401234567901196,-0.005401234567901196,-0.024691358024691315,0.01388888888888895,higher_is_better,0.7796317444959464,-0.13075245292123486,-0.13186813186813187,1.0
A,boundary_attractor,boundary-attractor contribution,A_main,A5,prediction_rate_positive,Prediction rate/positive,16,0.25462962962962965,0.24444444444444444,0.010185185185185177,0.010185185185185177,-0.011574074074074096,0.030092592592592594,descriptive_raw_change,0.23241332103990586,0.22837506959778472,0.375,1.0
A,boundary_attractor,boundary-attractor contribution,A_main,A5,prediction_rate_neutral,Prediction rate/neutral,16,0.18425925925925926,0.18333333333333335,0.0009259259259259305,0.0009259259259259305,-0.010185185185185186,0.011111111111111124,descriptive_raw_change,0.6373518882339371,0.04066250303952241,0.1282051282051282,1.0
A,boundary_attractor,boundary-attractor contribution,A_main,A5,prediction_rate_negative,Prediction rate/negative,16,0.5611111111111111,0.5722222222222222,-0.011111111111111086,-0.011111111111111086,-0.028240740740740712,0.008796296296296309,descriptive_raw_change,0.15495982923892246,-0.2848329469922806,-0.4117647058823529,0.6822901091703432
A,source_excess,source-excess contribution with boundary disabled,A5,A6,accuracy,Accuracy,16,0.6361111111111111,0.5939814814814814,0.04212962962962964,0.04212962962962964,0.015277777777777782,0.07268518518518521,higher_is_better,0.010909498364269283,0.6912584294502915,0.7523809523809524,0.10909498364269284
A,source_excess,source-excess contribution with boundary disabled,A5,A6,balanced_accuracy,Balanced Accuracy,16,0.5859053497942387,0.5949074074074074,-0.009002057613168711,-0.009002057613168711,-0.023148148148148112,0.008744855967078215,higher_is_better,0.0829210545604162,-0.26469818133858275,-0.4852941176470588,0.9950526547249943
A,source_excess,source-excess contribution with boundary disabled,A5,A6,macro_f1,Macro-F1,16,0.5663955962754175,0.5485387338108323,0.017856862464585076,0.017856862464585076,-0.0029355812108909653,0.04225436114960706,higher_is_better,0.19281005859375,0.375862980187768,0.38235294117647056,1.0
A,source_excess,source-excess contribution with boundary disabled,A5,A6,worst_class_recall,Worst-class recall,16,0.35108024691358025,0.34799382716049376,0.0030864197530864196,0.0030864197530864196,-0.020833333333333346,0.029320987654320996,higher_is_better,0.8609255405109923,0.0575562407394414,0.06593406593406594,1.0
A,source_excess,source-excess contribution with boundary disabled,A5,A6,recall_gap,Recall gap,16,0.44830246913580246,0.49691358024691357,-0.04861111111111113,0.04861111111111113,0.015432098765432127,0.08179012345679015,gap_reduction_positive,0.0199501784368676,0.6953794874591482,0.6470588235294118,0.2593523196792788
A,source_excess,source-excess contribution with boundary disabled,A5,A6,recall_positive,Recall/positive,16,0.5069444444444444,0.6018518518518519,-0.09490740740740741,-0.09490740740740741,-0.17361111111111113,-0.023148148148148164,higher_is_better,0.04613265232542183,-0.5828506815711688,-0.6410256410256411,0.6458571325559056
A,source_excess,source-excess contribution with boundary disabled,A5,A6,recall_neutral,Recall/neutral,16,0.5393518518518519,0.5902777777777777,-0.050925925925925916,-0.050925925925925916,-0.11805555555555558,0.023148148148148178,higher_is_better,0.1380909808857796,-0.33697336845966175,-0.47619047619047616,1.0
A,source_excess,source-excess contribution with boundary disabled,A5,A6,recall_negative,Recall/negative,16,0.7114197530864197,0.5925925925925926,0.11882716049382713,0.11882716049382713,0.059413580246913594,0.17901234567901234,higher_is_better,0.006124824718602717,0.9493784931569768,0.7794117647058824,0.06737307190462989
A,source_excess,source-excess contribution with boundary disabled,A5,A6,prediction_rate_positive,Prediction rate/positive,16,0.24444444444444444,0.31481481481481477,-0.07037037037037036,-0.07037037037037036,-0.13333333333333333,-0.014814814814814817,descriptive_raw_change,0.11176874513967605,-0.559533884910134,-0.4857142857142857,1.0
A,source_excess,source-excess contribution with boundary disabled,A5,A6,prediction_rate_neutral,Prediction rate/neutral,16,0.18333333333333335,0.22083333333333333,-0.037500000000000006,-0.037500000000000006,-0.07083333333333335,-0.005092592592592595,descriptive_raw_change,0.04132685891250041,-0.534240666628646,-0.6,0.4545954480375045
A,source_excess,source-excess contribution with boundary disabled,A5,A6,prediction_rate_negative,Prediction rate/negative,16,0.5722222222222222,0.4643518518518519,0.10787037037037035,0.10787037037037035,0.05972222222222219,0.15787037037037033,descriptive_raw_change,0.0037774157629176528,1.0401896279247043,0.8235294117647058,0.04155157339209418
A,full_vs_no_suppression,full method vs both suppressors disabled,A_main,A6,accuracy,Accuracy,16,0.6402777777777778,0.5939814814814814,0.04629629629629631,0.04629629629629631,0.018055555555555578,0.07685185185185185,higher_is_better,0.007121566730272015,0.7582956329350454,0.7573529411764706,0.07833723403299217
A,full_vs_no_suppression,full method vs both suppressors disabled,A_main,A6,balanced_accuracy,Balanced Accuracy,16,0.5964506172839505,0.5949074074074074,0.0015432098765432202,0.0015432098765432202,-0.014660493827160465,0.01877572016460906,higher_is_better,0.8752302103290907,0.043286843645363844,0.02857142857142857,1.0
A,full_vs_no_suppression,full method vs both suppressors disabled,A_main,A6,macro_f1,Macro-F1,16,0.57558025610182,0.5485387338108323,0.027041522290987583,0.027041522290987583,0.003171689588522618,0.04990839864107635,higher_is_better,0.01824951171875,0.5537753923459924,0.6617647058823529,0.218994140625
A,full_vs_no_suppression,full method vs both suppressors disabled,A_main,A6,worst_class_recall,Worst-class recall,16,0.38425925925925924,0.34799382716049376,0.03626543209876543,0.03626543209876543,-0.006172839506172844,0.08101851851851855,higher_is_better,0.1399507141264345,0.39092894141660095,0.45714285714285713,1.0
A,full_vs_no_suppression,full method vs both suppressors disabled,A_main,A6,recall_gap,Recall gap,16,0.4174382716049383,0.49691358024691357,-0.07947530864197533,0.07947530864197533,0.027006172839506196,0.13503086419753088,gap_reduction_positive,0.015035142340531615,0.6963529914236165,0.7,0.23833550571054704
A,full_vs_no_suppression,full method vs both suppressors disabled,A_main,A6,recall_positive,Recall/positive,16,0.5393518518518519,0.6018518518518519,-0.06250000000000001,-0.06250000000000001,-0.14351851851851852,0.01620370370370367,higher_is_better,0.11801586824868279,-0.37519305020583754,-0.4166666666666667,1.0
A,full_vs_no_suppression,full method vs both suppressors disabled,A_main,A6,recall_neutral,Recall/neutral,16,0.5439814814814815,0.5902777777777777,-0.04629629629629628,-0.04629629629629628,-0.10648148148148147,0.01620370370370372,higher_is_better,0.19536769157632872,-0.36185045832490526,-0.42857142857142855,1.0
A,full_vs_no_suppression,full method vs both suppressors disabled,A_main,A6,recall_negative,Recall/negative,16,0.7060185185185186,0.5925925925925926,0.11342592592592594,0.11342592592592594,0.05246913580246913,0.17901234567901236,higher_is_better,0.005196242854668167,0.8539125638299666,0.8014705882352942,0.06235491425601801
A,full_vs_no_suppression,full method vs both suppressors disabled,A_main,A6,prediction_rate_positive,Prediction rate/positive,16,0.25462962962962965,0.31481481481481477,-0.06018518518518519,-0.06018518518518519,-0.12499999999999999,-0.003703703703703716,descriptive_raw_change,0.12709364815965674,-0.46838205581309234,-0.4338235294117647,1.0
A,full_vs_no_suppression,full method vs both suppressors disabled,A_main,A6,prediction_rate_neutral,Prediction rate/neutral,16,0.18425925925925926,0.22083333333333333,-0.03657407407407407,-0.03657407407407407,-0.06944444444444445,-0.004166666666666673,descriptive_raw_change,0.060892661900952515,-0.530998402225574,-0.55,0.6089266190095252
A,full_vs_no_suppression,full method vs both suppressors disabled,A_main,A6,prediction_rate_negative,Prediction rate/negative,16,0.5611111111111111,0.4643518518518519,0.09675925925925927,0.09675925925925927,0.043981481481481476,0.15000000000000002,descriptive_raw_change,0.00335693359375,0.8614484041574332,0.8014705882352942,0.040283203125
B,full_vs_uniform,full class-conditional method vs uniform multiscale,B_main,B3,accuracy,Accuracy,20,0.51,0.5129166666666667,-0.0029166666666666508,-0.0029166666666666508,-0.009375,0.003541666666666671,higher_is_better,0.3401784622563201,-0.19605944598101105,-0.2857142857142857,1.0
B,full_vs_uniform,full class-conditional method vs uniform multiscale,B_main,B3,balanced_accuracy,Balanced Accuracy,20,0.583912037037037,0.5828703703703704,0.0010416666666666573,0.0010416666666666573,-0.006365740740740755,0.008217592592592578,higher_is_better,0.6215133666992188,0.06085440080320575,0.1631578947368421,1.0
B,full_vs_uniform,full class-conditional method vs uniform multiscale,B_main,B3,macro_f1,Macro-F1,20,0.47214608638115624,0.47120306054515293,0.0009430258360033806,0.0009430258360033806,-0.004635037531528045,0.006369638923097634,higher_is_better,0.5458755493164062,0.07346396292764164,0.1619047619047619,1.0
B,full_vs_uniform,full class-conditional method vs uniform multiscale,B_main,B3,worst_class_recall,Worst-class recall,20,0.375,0.3552083333333333,0.019791666666666673,0.019791666666666673,0.00520833333333332,0.035069444444444445,higher_is_better,0.02890919690291767,0.5702701919936853,0.6023391812865497,0.3758195597379297
B,full_vs_uniform,full class-conditional method vs uniform multiscale,B_main,B3,recall_gap,Recall gap,20,0.485763888888889,0.5111111111111111,-0.025347222222222215,0.025347222222222215,0.0013888888888888896,0.04895833333333332,gap_reduction_positive,0.08238211829724877,0.4568986101365864,0.46842105263157896,0.7414390646752389
B,full_vs_uniform,full class-conditional method vs uniform multiscale,B_main,B3,recall_positive,Recall/positive,20,0.40069444444444446,0.38125,0.019444444444444448,0.019444444444444448,0.0027777777777777957,0.036805555555555536,higher_is_better,0.047624590615713815,0.4969402399907018,0.543859649122807,0.6458571325559056
B,full_vs_uniform,full class-conditional method vs uniform multiscale,B_main,B3,recall_neutral,Recall/neutral,20,0.8416666666666668,0.8437500000000002,-0.0020833333333333316,-0.0020833333333333316,-0.022916666666666658,0.01875,higher_is_better,0.8317448502080765,-0.04363264391748977,-0.054945054945054944,1.0
B,full_vs_uniform,full class-conditional method vs uniform multiscale,B_main,B3,recall_negative,Recall/negative,20,0.5093750000000001,0.5236111111111111,-0.014236111111111097,-0.014236111111111097,-0.02604166666666664,-0.0020833333333333203,higher_is_better,0.05682819683984795,-0.5100313160123041,-0.5157894736842106,0.4546255747187836
B,full_vs_uniform,full class-conditional method vs uniform multiscale,B_main,B3,prediction_rate_positive,Prediction rate/positive,20,0.23208333333333336,0.22562500000000002,0.006458333333333344,0.006458333333333344,-0.0045833333333333256,0.016458333333333342,descriptive_raw_change,0.1166006875684565,0.2624025862655124,0.41904761904761906,1.0
B,full_vs_uniform,full class-conditional method vs uniform multiscale,B_main,B3,prediction_rate_neutral,Prediction rate/neutral,20,0.36583333333333334,0.35833333333333334,0.007500000000000002,0.007500000000000002,-0.00020833333333332703,0.015416666666666657,descriptive_raw_change,0.09770322810627868,0.41630615033988017,0.4502923976608187,0.7462108623320812
B,full_vs_uniform,full class-conditional method vs uniform multiscale,B_main,B3,prediction_rate_negative,Prediction rate/negative,20,0.4020833333333333,0.41604166666666664,-0.01395833333333334,-0.01395833333333334,-0.024583333333333346,-0.0033333333333333383,descriptive_raw_change,0.05242820772268855,-0.558926076592041,-0.5555555555555556,0.4194256617815084
B,feature_pyramid,feature-pyramid contribution,B_main,B4,accuracy,Accuracy,20,0.51,0.5185416666666666,-0.008541666666666661,-0.008541666666666661,-0.01770833333333333,0.0014583333333333531,higher_is_better,0.05667704982513339,-0.38348708530920517,-0.49523809523809526,0.45341639860106714
B,feature_pyramid,feature-pyramid contribution,B_main,B4,balanced_accuracy,Balanced Accuracy,20,0.583912037037037,0.5790509259259259,0.004861111111111122,0.004861111111111122,-0.015625000000000007,0.02534722222222225,higher_is_better,0.5015540323300163,0.10153355466544109,0.16666666666666666,1.0
B,feature_pyramid,feature-pyramid contribution,B_main,B4,macro_f1,Macro-F1,20,0.47214608638115624,0.4771200945540607,-0.004974008172904404,-0.004974008172904404,-0.015622698786845378,0.006009050311763995,higher_is_better,0.47490501403808594,-0.19498952227398483,-0.19047619047619047,1.0
B,feature_pyramid,feature-pyramid contribution,B_main,B4,worst_class_recall,Worst-class recall,20,0.375,0.3722222222222222,0.002777777777777793,0.002777777777777793,-0.014236111111111092,0.01909722222222223,higher_is_better,0.6316576519666053,0.07125180915093515,0.08187134502923976,1.0
B,feature_pyramid,feature-pyramid contribution,B_main,B4,recall_gap,Recall gap,20,0.485763888888889,0.44826388888888885,0.0375,-0.0375,-0.08090277777777778,0.00486111111111112,gap_reduction_positive,0.1402055639043961,-0.37278491971646927,-0.38095238095238093,0.9814389473307726
B,feature_pyramid,feature-pyramid contribution,B_main,B4,recall_positive,Recall/positive,20,0.40069444444444446,0.39861111111111114,0.0020833333333333316,0.0020833333333333316,-0.015972222222222218,0.018750000000000006,higher_is_better,0.5271874793513198,0.05192600805188422,0.13725490196078433,1.0
B,feature_pyramid,feature-pyramid contribution,B_main,B4,recall_neutral,Recall/neutral,20,0.8416666666666668,0.8083333333333336,0.03333333333333332,0.03333333333333332,-0.03333333333333335,0.09166666666666666,higher_is_better,0.14634371811337266,0.22546866833628518,0.4152046783625731,1.0
B,feature_pyramid,feature-pyramid contribution,B_main,B4,recall_negative,Recall/negative,20,0.5093750000000001,0.5302083333333333,-0.0208333333333333,-0.0208333333333333,-0.03715277777777773,-0.0038194444444444226,higher_is_better,0.0345702789547989,-0.5356423729297858,-0.5736842105263158,0.31113251059319014
B,feature_pyramid,feature-pyramid contribution,B_main,B4,prediction_rate_positive,Prediction rate/positive,20,0.23208333333333336,0.24291666666666661,-0.010833333333333337,-0.010833333333333337,-0.025208333333333333,0.0024999999999999996,descriptive_raw_change,0.1625128965963779,-0.3358353586623272,-0.37254901960784315,1.0
B,feature_pyramid,feature-pyramid contribution,B_main,B4,prediction_rate_neutral,Prediction rate/neutral,20,0.36583333333333334,0.32812499999999994,0.03770833333333335,0.03770833333333335,0.019166666666666693,0.053125,descriptive_raw_change,0.0019389886108762003,0.9650363058796387,0.7904761904761904,0.031023817774019205
B,feature_pyramid,feature-pyramid contribution,B_main,B4,prediction_rate_negative,Prediction rate/negative,20,0.4020833333333333,0.4289583333333334,-0.02687500000000002,-0.02687500000000002,-0.0433385416666667,-0.009791666666666698,descriptive_raw_change,0.007879227774042886,-0.6953192888324251,-0.7076023391812866,0.07879227774042886
B,boundary_attractor,boundary-attractor contribution,B_main,B5,accuracy,Accuracy,20,0.51,0.5114583333333332,-0.0014583333333333282,-0.0014583333333333282,-0.004583333333333347,0.0016666666666666774,higher_is_better,0.5123773721921236,-0.19605944598101138,-0.24166666666666667,1.0
B,boundary_attractor,boundary-attractor contribution,B_main,B5,balanced_accuracy,Balanced Accuracy,20,0.583912037037037,0.5831018518518518,0.0008101851851851944,0.0008101851851851944,-0.0041666666666666605,0.005555555555555575,higher_is_better,0.5325817966988851,0.0706310638939894,0.15204678362573099,1.0
B,boundary_attractor,boundary-attractor contribution,B_main,B5,macro_f1,Macro-F1,20,0.47214608638115624,0.4729945813423863,-0.0008484949612300619,-0.0008484949612300619,-0.00428804282729659,0.0022806993820124488,higher_is_better,0.8983173370361328,-0.10919900906146374,-0.0380952380952381,1.0
B,boundary_attractor,boundary-attractor contribution,B_main,B5,worst_class_recall,Worst-class recall,20,0.375,0.3746527777777778,0.00034722222222222934,0.00034722222222222934,-0.006944444444444439,0.007291666666666677,higher_is_better,0.6143824683780752,0.02069107960266809,0.09523809523809523,1.0
B,boundary_attractor,boundary-attractor contribution,B_main,B5,recall_gap,Recall gap,20,0.485763888888889,0.4781250000000001,0.007638888888888887,-0.007638888888888887,-0.026041666666666657,0.006597222222222221,gap_reduction_positive,0.7116080354406659,-0.19981756180639415,-0.125,1.0
B,boundary_attractor,boundary-attractor contribution,B_main,B5,recall_positive,Recall/positive,20,0.40069444444444446,0.39791666666666664,0.0027777777777777735,0.0027777777777777735,-0.0041666666666666605,0.009722222222222212,higher_is_better,0.6465090273502097,0.17366269075057572,0.21794871794871795,1.0
B,boundary_attractor,boundary-attractor contribution,B_main,B5,recall_neutral,Recall/neutral,20,0.8416666666666668,0.8375000000000001,0.0041666666666666605,0.0041666666666666605,-0.01041666666666668,0.020833333333333332,higher_is_better,0.892250486903652,0.10966000390158744,0.2,1.0
B,boundary_attractor,boundary-attractor contribution,B_main,B5,recall_negative,Recall/negative,20,0.5093750000000001,0.513888888888889,-0.004513888888888878,-0.004513888888888878,-0.00937499999999999,3.053113317719181e-17,higher_is_better,0.10817164293700447,-0.4066263704549049,-0.4857142857142857,0.5795660850628331
B,boundary_attractor,boundary-attractor contribution,B_main,B5,prediction_rate_positive,Prediction rate/positive,20,0.23208333333333336,0.22937500000000002,0.0027083333333333347,0.0027083333333333347,-0.00041666666666668046,0.006041666666666676,descriptive_raw_change,0.14633850419386266,0.35264849424850736,0.4117647058823529,1.0
B,boundary_attractor,boundary-attractor contribution,B_main,B5,prediction_rate_neutral,Prediction rate/neutral,20,0.36583333333333334,0.3622916666666667,0.003541666666666661,0.003541666666666661,-0.0014583333333333518,0.008958333333333325,descriptive_raw_change,0.40863168948958506,0.2870935316009761,0.29239766081871343,1.0
B,boundary_attractor,boundary-attractor contribution,B_main,B5,prediction_rate_negative,Prediction rate/negative,20,0.4020833333333333,0.4083333333333333,-0.006250000000000017,-0.006250000000000017,-0.011875000000000007,-0.0012500000000000067,descriptive_raw_change,0.06352273787985346,-0.5059525906170422,-0.5098039215686274,0.4194256617815084
B,source_excess,source-excess contribution with boundary disabled,B5,B6,accuracy,Accuracy,20,0.5114583333333332,0.49541666666666667,0.01604166666666667,0.01604166666666667,0.00478645833333332,0.02937500000000003,higher_is_better,0.04805570824115529,0.5519151664717672,0.531578947368421,0.43250137417039763
B,source_excess,source-excess contribution with boundary disabled,B5,B6,balanced_accuracy,Balanced Accuracy,20,0.5831018518518518,0.5849537037037036,-0.0018518518518518435,-0.0018518518518518435,-0.01886574074074074,0.012731481481481491,higher_is_better,0.7021234569417001,-0.04990160698893986,0.08947368421052632,1.0
B,source_excess,source-excess contribution with boundary disabled,B5,B6,macro_f1,Macro-F1,20,0.4729945813423863,0.46333640199707693,0.009658179345309492,0.009658179345309492,-0.0008279995515327541,0.021739706071255943,higher_is_better,0.1893482208251953,0.36093562689926484,0.34285714285714286,1.0
B,source_excess,source-excess contribution with boundary disabled,B5,B6,worst_class_recall,Worst-class recall,20,0.3746527777777778,0.36111111111111116,0.013541666666666664,0.013541666666666664,0.0006944444444444309,0.027083333333333327,higher_is_better,0.08808151166219029,0.4377937306277917,0.5098039215686274,0.9688966282840932
B,source_excess,source-excess contribution with boundary disabled,B5,B6,recall_gap,Recall gap,20,0.4781250000000001,0.5232638888888889,-0.045138888888888895,0.045138888888888895,0.012152777777777778,0.08055555555555555,gap_reduction_positive,0.015753291787738453,0.5589952338504303,0.6666666666666666,0.23833550571054704
B,source_excess,source-excess contribution with boundary disabled,B5,B6,recall_positive,Recall/positive,20,0.39791666666666664,0.4,-0.002083333333333337,-0.002083333333333337,-0.04027777777777776,0.027083333333333338,higher_is_better,0.4762356505055251,-0.026246999897622934,0.18382352941176472,1.0
B,source_excess,source-excess contribution with boundary disabled,B5,B6,recall_neutral,Recall/neutral,20,0.8375000000000001,0.875,-0.0375,-0.0375,-0.09166666666666667,0.0020833333333333203,higher_is_better,0.11153899350936373,-0.33664287331408993,-0.5454545454545454,1.0
B,source_excess,source-excess contribution with boundary disabled,B5,B6,recall_negative,Recall/negative,20,0.513888888888889,0.4798611111111112,0.0340277777777778,0.0340277777777778,0.013888888888888933,0.05625000000000006,higher_is_better,0.006173720204980623,0.6823452347541625,0.6842105263157895,0.06737307190462989
B,source_excess,source-excess contribution with boundary disabled,B5,B6,prediction_rate_positive,Prediction rate/positive,20,0.22937500000000002,0.23104166666666665,-0.0016666666666666594,-0.0016666666666666594,-0.028125,0.01708333333333334,descriptive_raw_change,0.18391422335759422,-0.030458732327527875,0.34210526315789475,1.0
B,source_excess,source-excess contribution with boundary disabled,B5,B6,prediction_rate_neutral,Prediction rate/neutral,20,0.3622916666666667,0.39333333333333337,-0.031041666666666645,-0.031041666666666645,-0.05624999999999998,-0.008124999999999995,descriptive_raw_change,0.021775061359618687,-0.5444953723434024,-0.6257309941520468,0.2613007363154243
B,source_excess,source-excess contribution with boundary disabled,B5,B6,prediction_rate_negative,Prediction rate/negative,20,0.4083333333333333,0.375625,0.03270833333333334,0.03270833333333334,0.013750000000000004,0.05479687499999957,descriptive_raw_change,0.0024884959693730955,0.6686764401616349,0.7666666666666667,0.03483894357122334
B,full_vs_no_suppression,full method vs both suppressors disabled,B_main,B6,accuracy,Accuracy,20,0.51,0.49541666666666667,0.014583333333333342,0.014583333333333342,0.0033333333333333466,0.027505208333332913,higher_is_better,0.07953736965398876,0.5145770433675264,0.4631578947368421,0.5567615875779214
B,full_vs_no_suppression,full method vs both suppressors disabled,B_main,B6,balanced_accuracy,Balanced Accuracy,20,0.583912037037037,0.5849537037037036,-0.001041666666666649,-0.001041666666666649,-0.02048611111111112,0.013888888888888928,higher_is_better,0.3315965022766971,-0.02565658881662327,0.24285714285714285,1.0
B,full_vs_no_suppression,full method vs both suppressors disabled,B_main,B6,macro_f1,Macro-F1,20,0.47214608638115624,0.46333640199707693,0.00880968438407943,0.00880968438407943,-0.00211659558842932,0.020576855586954088,higher_is_better,0.26109886169433594,0.3350227992973062,0.29523809523809524,1.0
B,full_vs_no_suppression,full method vs both suppressors disabled,B_main,B6,worst_class_recall,Worst-class recall,20,0.375,0.36111111111111116,0.013888888888888892,0.013888888888888892,-0.001041666666666663,0.027777777777777773,higher_is_better,0.06404158155233677,0.41279969409381384,0.4789473684210526,0.7684989786280413
B,full_vs_no_suppression,full method vs both suppressors disabled,B_main,B6,recall_gap,Recall gap,20,0.485763888888889,0.5232638888888889,-0.0375,0.0375,0.0017361111111111216,0.07291666666666666,gap_reduction_positive,0.05078072966756646,0.45175361864422886,0.5105263157894737,0.5078072966756646
B,full_vs_no_suppression,full method vs both suppressors disabled,B_main,B6,recall_positive,Recall/positive,20,0.40069444444444446,0.4,0.0006944444444444392,0.0006944444444444392,-0.03750000000000002,0.029861111111111095,higher_is_better,0.40858409906896376,0.008774488730632265,0.2631578947368421,1.0
B,full_vs_no_suppression,full method vs both suppressors disabled,B_main,B6,recall_neutral,Recall/neutral,20,0.8416666666666668,0.875,-0.03333333333333334,-0.03333333333333334,-0.09791666666666668,0.012499999999999983,higher_is_better,0.325179480098328,-0.2521870860290682,-0.30303030303030304,1.0
B,full_vs_no_suppression,full method vs both suppressors disabled,B_main,B6,recall_negative,Recall/negative,20,0.5093750000000001,0.4798611111111112,0.029513888888888923,0.029513888888888923,0.006944444444444492,0.0545138888888889,higher_is_better,0.06706831289237,0.5330613654870059,0.45714285714285713,0.46947819024659
B,full_vs_no_suppression,full method vs both suppressors disabled,B_main,B6,prediction_rate_positive,Prediction rate/positive,20,0.23208333333333336,0.23104166666666665,0.0010416666666666755,0.0010416666666666755,-0.02624999999999999,0.020416666666666673,descriptive_raw_change,0.1839276702616548,0.01866736184779983,0.36257309941520466,1.0
B,full_vs_no_suppression,full method vs both suppressors disabled,B_main,B6,prediction_rate_neutral,Prediction rate/neutral,20,0.36583333333333334,0.39333333333333337,-0.02749999999999999,-0.02749999999999999,-0.05520833333333332,-0.0027083333333333404,descriptive_raw_change,0.16141119805950133,-0.4502375193676997,-0.3761904761904762,0.968467188357008
B,full_vs_no_suppression,full method vs both suppressors disabled,B_main,B6,prediction_rate_negative,Prediction rate/negative,20,0.4020833333333333,0.375625,0.026458333333333327,0.026458333333333327,0.004374999999999987,0.051874999999999984,descriptive_raw_change,0.058445634686130725,0.47147452768865955,0.47953216374269003,0.4194256617815084
