experiment,direction,target_subject,seeds,accuracy,balanced_accuracy,macro_f1,worst_class_recall,recall_gap,recall_positive,recall_neutral,recall_negative,prediction_rate_positive,prediction_rate_neutral,prediction_rate_negative
A0,A,1,42 43 44,0.6444444444444444,0.48148148148148145,0.46850979897574874,0.14814814814814814,0.7407407407407408,0.4074074074074074,0.14814814814814814,0.8888888888888888,0.16296296296296298,0.08888888888888889,0.7481481481481481
A0,A,2,42 43 44,0.6888888888888888,0.7119341563786007,0.6849073078211245,0.5555555555555555,0.2962962962962963,0.7777777777777777,0.7037037037037037,0.6543209876543209,0.34074074074074073,0.1703703703703704,0.48888888888888893
A0,A,3,42 43 44,0.6814814814814815,0.6584362139917695,0.625439240522299,0.40740740740740744,0.45679012345679015,0.5555555555555555,0.7037037037037037,0.7160493827160493,0.2740740740740741,0.19259259259259257,0.5333333333333333
A0,A,4,42 43 44,0.45925925925925926,0.5102880658436214,0.45561867886144203,0.30864197530864196,0.5061728395061729,0.8148148148148149,0.3333333333333333,0.38271604938271603,0.5925925925925926,0.07407407407407407,0.3333333333333333
A0,A,5,42 43 44,0.4962962962962963,0.5802469135802468,0.49254509196023727,0.2839506172839506,0.5308641975308642,0.5555555555555555,0.8148148148148148,0.3703703703703704,0.3703703703703704,0.3333333333333333,0.2962962962962963
A0,A,6,42 43 44,0.5481481481481482,0.5925925925925926,0.5310072474069423,0.4567901234567901,0.32098765432098764,0.6666666666666666,0.6296296296296297,0.4814814814814814,0.3259259259259259,0.28888888888888886,0.38518518518518513
A0,A,7,42 43 44,0.4740740740740741,0.45267489711934156,0.4021375709495465,0.23456790123456792,0.4197530864197531,0.5555555555555556,0.2962962962962963,0.5061728395061729,0.4148148148148148,0.1851851851851852,0.39999999999999997
A0,A,8,42 43 44,0.5111111111111111,0.6131687242798354,0.4993375842347734,0.22222222222222224,0.6666666666666666,0.6296296296296297,0.8518518518518517,0.3580246913580247,0.38518518518518513,0.3333333333333333,0.2814814814814815
A0,A,9,42 43 44,0.5777777777777778,0.5267489711934156,0.49699715155982077,0.308641975308642,0.5185185185185186,0.5185185185185185,0.40740740740740744,0.654320987654321,0.30370370370370375,0.14074074074074075,0.5555555555555555
A0,A,10,42 43 44,0.5185185185185185,0.5925925925925926,0.5137667985405011,0.3703703703703704,0.48148148148148145,0.7037037037037036,0.6666666666666666,0.40740740740740744,0.37777777777777777,0.28148148148148144,0.34074074074074073
A0,A,11,42 43 44,0.7037037037037037,0.6131687242798354,0.6191638076981304,0.48148148148148145,0.35802469135802467,0.5185185185185185,0.48148148148148145,0.8395061728395062,0.17777777777777778,0.13333333333333333,0.6888888888888888
A0,A,12,42 43 44,0.4962962962962963,0.49794238683127573,0.4558916987047917,0.2839506172839506,0.48148148148148157,0.48148148148148145,0.5185185185185185,0.49382716049382713,0.3185185185185185,0.2518518518518518,0.4296296296296296
A0,A,13,42 43 44,0.6666666666666666,0.6502057613168725,0.6163991794920137,0.4444444444444444,0.3703703703703704,0.4444444444444444,0.8148148148148148,0.6913580246913581,0.16296296296296295,0.3037037037037037,0.5333333333333333
A0,A,14,42 43 44,0.562962962962963,0.6172839506172839,0.5449556383381058,0.3950617283950617,0.49382716049382713,0.5555555555555555,0.8148148148148148,0.4814814814814814,0.26666666666666666,0.37777777777777777,0.35555555555555557
A0,A,15,42 43 44,0.7185185185185184,0.6378600823045267,0.6294247013545258,0.25925925925925924,0.6049382716049383,0.25925925925925924,0.8148148148148149,0.8395061728395062,0.1259259259259259,0.2222222222222222,0.6518518518518518
A0,A,16,42 43 44,0.5407407407407407,0.5967078189300411,0.5405073679583484,0.4197530864197531,0.35802469135802467,0.7407407407407408,0.5925925925925926,0.4567901234567901,0.4666666666666666,0.19259259259259257,0.34074074074074073
B0,B,1,42 43 44,0.45,0.5995370370370371,0.4386952656076541,0.34722222222222227,0.6527777777777778,0.4305555555555556,1.0,0.3680555555555556,0.2791666666666666,0.4291666666666667,0.2916666666666667
B0,B,2,42 43 44,0.44166666666666665,0.5601851851851851,0.4244376971258237,0.34722222222222227,0.5694444444444444,0.3611111111111111,0.9166666666666666,0.40277777777777773,0.19583333333333333,0.5041666666666668,0.3
B0,B,3,42 43 44,0.4791666666666667,0.576388888888889,0.43804262170023506,0.2708333333333333,0.6458333333333334,0.40277777777777785,0.875,0.4513888888888889,0.2625,0.3916666666666666,0.3458333333333334
B0,B,4,42 43 44,0.48333333333333334,0.6157407407407406,0.4601249198966089,0.3263888888888889,0.673611111111111,0.4166666666666667,1.0,0.4305555555555556,0.2625,0.3958333333333333,0.3416666666666666
B0,B,5,42 43 44,0.4666666666666666,0.5810185185185186,0.45079145594496467,0.3888888888888889,0.48611111111111116,0.47222222222222215,0.875,0.3958333333333333,0.3541666666666667,0.3541666666666667,0.2916666666666667
B0,B,6,42 43 44,0.4791666666666667,0.6087962962962963,0.45748004117448876,0.36111111111111116,0.6388888888888888,0.3888888888888889,1.0,0.4375,0.25,0.4041666666666666,0.3458333333333334
B0,B,7,42 43 44,0.4041666666666666,0.5462962962962963,0.3939382794079651,0.23611111111111113,0.5833333333333334,0.6111111111111112,0.7916666666666666,0.23611111111111113,0.4375,0.3875,0.17500000000000002
B0,B,8,42 43 44,0.4875,0.5486111111111112,0.4541792960129749,0.4166666666666667,0.3333333333333333,0.4166666666666667,0.75,0.4791666666666667,0.23749999999999996,0.4083333333333334,0.3541666666666667
B0,B,9,42 43 44,0.4708333333333334,0.5462962962962964,0.4451763166937479,0.36111111111111116,0.38888888888888884,0.4583333333333333,0.75,0.4305555555555556,0.2916666666666667,0.3541666666666667,0.3541666666666667
B0,B,10,42 43 44,0.4458333333333333,0.5324074074074073,0.42283631022761464,0.3680555555555555,0.4375,0.45833333333333326,0.75,0.38888888888888884,0.33749999999999997,0.32083333333333336,0.3416666666666666
B0,B,11,42 43 44,0.5541666666666666,0.5578703703703703,0.5006457786409487,0.4444444444444445,0.24305555555555555,0.5277777777777778,0.5833333333333334,0.5625,0.32083333333333336,0.22083333333333333,0.4583333333333333
B0,B,12,42 43 44,0.5166666666666667,0.6296296296296297,0.5003121018739164,0.38888888888888884,0.6111111111111112,0.38888888888888884,1.0,0.5,0.2875,0.2916666666666667,0.42083333333333334
B0,B,13,42 43 44,0.3833333333333333,0.5185185185185185,0.37227781442671337,0.2777777777777778,0.6388888888888888,0.3055555555555556,0.9166666666666666,0.3333333333333333,0.19166666666666665,0.5166666666666667,0.2916666666666667
B0,B,14,42 43 44,0.5541666666666667,0.6018518518518519,0.5155824122041109,0.3680555555555555,0.3819444444444445,0.5138888888888888,0.75,0.5416666666666666,0.3083333333333333,0.2708333333333333,0.4208333333333334
B0,B,15,42 43 44,0.4875,0.6203703703703703,0.47224304030037084,0.38888888888888884,0.6111111111111112,0.4305555555555555,1.0,0.4305555555555555,0.20833333333333334,0.4791666666666667,0.3125
B0,B,16,42 43 44,0.44166666666666665,0.5740740740740741,0.4283285043169427,0.3055555555555555,0.6111111111111112,0.4444444444444444,0.9166666666666666,0.3611111111111111,0.26666666666666666,0.4541666666666666,0.2791666666666667
B0,B,17,42 43 44,0.4375,0.5694444444444444,0.4232175964744114,0.3541666666666667,0.6041666666666666,0.3611111111111111,0.9583333333333334,0.3888888888888889,0.19166666666666665,0.49166666666666664,0.3166666666666667
B0,B,18,42 43 44,0.5083333333333333,0.5462962962962963,0.4604393382492431,0.3680555555555556,0.34027777777777773,0.40277777777777773,0.7083333333333334,0.5277777777777778,0.2708333333333333,0.30833333333333335,0.42083333333333334
B0,B,19,42 43 44,0.39166666666666666,0.41203703703703703,0.3510219952107047,0.23611111111111113,0.3680555555555555,0.3333333333333333,0.5,0.40277777777777773,0.28750000000000003,0.4041666666666666,0.3083333333333333
B0,B,20,42 43 44,0.425,0.4976851851851853,0.4001950400106618,0.3125,0.3541666666666667,0.5972222222222223,0.5833333333333334,0.3125,0.45416666666666666,0.27499999999999997,0.2708333333333333
A1,A,1,42 43 44,0.6222222222222222,0.47736625514403297,0.45507342868679906,0.1111111111111111,0.7283950617283951,0.48148148148148145,0.1111111111111111,0.839506172839506,0.2518518518518518,0.05185185185185185,0.6962962962962963
A1,A,2,42 43 44,0.6518518518518518,0.6995884773662552,0.6464021670649712,0.5555555555555555,0.3703703703703704,0.9259259259259259,0.5925925925925927,0.5802469135802469,0.4148148148148148,0.16296296296296295,0.4222222222222222
A1,A,3,42 43 44,0.6962962962962962,0.6748971193415638,0.6580118936981681,0.5185185185185185,0.2592592592592593,0.6666666666666666,0.6296296296296297,0.7283950617283951,0.3037037037037037,0.16296296296296298,0.5333333333333333
A1,A,4,42 43 44,0.4888888888888889,0.5761316872427984,0.5052941310966693,0.30864197530864196,0.5802469135802469,0.8148148148148149,0.5555555555555555,0.35802469135802467,0.5481481481481482,0.13333333333333333,0.3185185185185185
A1,A,5,42 43 44,0.4740740740740741,0.5679012345679012,0.4735955368519569,0.3333333333333333,0.48148148148148145,0.6296296296296297,0.7407407407407408,0.3333333333333333,0.4296296296296296,0.34814814814814815,0.22222222222222224
A1,A,6,42 43 44,0.5185185185185185,0.551440329218107,0.48849948140270727,0.30864197530864196,0.46913580246913583,0.7407407407407408,0.4444444444444445,0.46913580246913583,0.3925925925925926,0.2074074074074074,0.39999999999999997
A1,A,7,42 43 44,0.4444444444444444,0.46913580246913583,0.39473426415922913,0.1728395061728395,0.6049382716049383,0.7777777777777777,0.22222222222222224,0.40740740740740744,0.4740740740740741,0.17777777777777773,0.34814814814814815
A1,A,8,42 43 44,0.562962962962963,0.6666666666666666,0.5735623952548617,0.4074074074074074,0.48148148148148145,0.8148148148148148,0.7777777777777777,0.4074074074074074,0.4148148148148148,0.28148148148148144,0.3037037037037037
A1,A,9,42 43 44,0.525925925925926,0.5555555555555555,0.4882939403264606,0.24691358024691357,0.6172839506172839,0.7037037037037037,0.48148148148148145,0.48148148148148145,0.4444444444444445,0.1851851851851852,0.3703703703703704
A1,A,10,42 43 44,0.5925925925925926,0.6419753086419753,0.5782222290625652,0.38271604938271603,0.4691358024691357,0.5925925925925926,0.8148148148148148,0.5185185185185185,0.2740740740740741,0.3259259259259259,0.39999999999999997
A1,A,11,42 43 44,0.6518518518518518,0.5596707818930041,0.5636327069075606,0.3333333333333333,0.45679012345679015,0.5185185185185185,0.3703703703703704,0.7901234567901234,0.2518518518518518,0.1037037037037037,0.6444444444444444
A1,A,12,42 43 44,0.4666666666666666,0.4567901234567901,0.4063718879508353,0.2222222222222222,0.5802469135802469,0.4814814814814814,0.40740740740740744,0.48148148148148145,0.3703703703703704,0.19999999999999998,0.4296296296296296
A1,A,13,42 43 44,0.6222222222222222,0.6337448559670782,0.5761982032996525,0.3703703703703704,0.5185185185185185,0.40740740740740744,0.8888888888888888,0.6049382716049382,0.20000000000000004,0.34814814814814815,0.4518518518518518
A1,A,14,42 43 44,0.5703703703703703,0.522633744855967,0.49748415985577515,0.25925925925925924,0.45679012345679015,0.3333333333333333,0.5925925925925926,0.6419753086419752,0.2074074074074074,0.2888888888888889,0.5037037037037037
A1,A,15,42 43 44,0.7037037037037037,0.6296296296296297,0.6179835292941589,0.2962962962962963,0.5432098765432098,0.4444444444444444,0.6296296296296297,0.8148148148148149,0.22222222222222224,0.17037037037037037,0.6074074074074074
A1,A,16,42 43 44,0.4962962962962963,0.5144032921810701,0.48016610675229526,0.4197530864197531,0.1851851851851852,0.5185185185185185,0.5555555555555556,0.46913580246913583,0.3925925925925926,0.23703703703703705,0.3703703703703704
B1,B,1,42 43 44,0.5,0.6273148148148149,0.48191876950647333,0.3888888888888889,0.5694444444444444,0.5,0.9583333333333334,0.42361111111111116,0.2791666666666667,0.39166666666666666,0.32916666666666666
B1,B,2,42 43 44,0.4416666666666667,0.537037037037037,0.4213167426530604,0.34027777777777773,0.4513888888888889,0.4305555555555555,0.7916666666666666,0.3888888888888889,0.26666666666666666,0.44166666666666665,0.2916666666666667
B1,B,3,42 43 44,0.525,0.5740740740740741,0.4665896493277446,0.3055555555555556,0.5277777777777778,0.3055555555555556,0.8333333333333334,0.5833333333333334,0.19166666666666665,0.32083333333333336,0.4875
B1,B,4,42 43 44,0.4916666666666667,0.5532407407407408,0.4479849529295472,0.34027777777777773,0.4513888888888889,0.3611111111111111,0.7916666666666666,0.5069444444444445,0.2333333333333333,0.3708333333333333,0.3958333333333333
B1,B,5,42 43 44,0.4583333333333333,0.5208333333333334,0.4146474536044346,0.27777777777777785,0.5138888888888888,0.27777777777777785,0.7916666666666666,0.4930555555555555,0.22916666666666666,0.3625,0.4083333333333334
B1,B,6,42 43 44,0.5291666666666667,0.6226851851851851,0.4946185376804111,0.375,0.5833333333333334,0.375,0.9583333333333334,0.5347222222222222,0.19999999999999998,0.3666666666666667,0.4333333333333333
B1,B,7,42 43 44,0.4291666666666667,0.5092592592592593,0.4061799741359236,0.3541666666666667,0.3541666666666667,0.4444444444444444,0.7083333333333334,0.375,0.3208333333333333,0.3875,0.2916666666666667
B1,B,8,42 43 44,0.5375,0.625,0.49954476168884493,0.3611111111111111,0.5555555555555556,0.4305555555555555,0.9166666666666666,0.5277777777777778,0.225,0.3625,0.4124999999999999
B1,B,9,42 43 44,0.4583333333333333,0.5092592592592592,0.42203249051061187,0.34722222222222215,0.36111111111111116,0.34722222222222215,0.7083333333333334,0.47222222222222227,0.2125,0.36666666666666664,0.4208333333333334
B1,B,10,42 43 44,0.4916666666666667,0.5416666666666666,0.46383158692806914,0.4305555555555556,0.27777777777777773,0.4305555555555556,0.7083333333333334,0.4861111111111111,0.29583333333333334,0.25,0.45416666666666666
B1,B,11,42 43 44,0.6416666666666667,0.5439814814814815,0.533610230328544,0.34722222222222227,0.4375,0.4305555555555556,0.4166666666666667,0.7847222222222222,0.1875,0.13749999999999998,0.6750000000000002
B1,B,12,42 43 44,0.5875,0.6180555555555556,0.5162220773332912,0.2222222222222222,0.6944444444444445,0.2222222222222222,0.9166666666666666,0.7152777777777778,0.13749999999999998,0.24166666666666667,0.6208333333333332
B1,B,13,42 43 44,0.4875,0.5740740740740741,0.4431431886960972,0.2916666666666667,0.625,0.2916666666666667,0.9166666666666666,0.513888888888889,0.15833333333333333,0.4208333333333334,0.4208333333333334
B1,B,14,42 43 44,0.5916666666666667,0.5625,0.4971987235322677,0.2916666666666667,0.4930555555555556,0.2916666666666667,0.6666666666666666,0.7291666666666666,0.12916666666666668,0.2708333333333333,0.6
B1,B,15,42 43 44,0.5375,0.625,0.5075236116284029,0.42361111111111116,0.4930555555555555,0.4305555555555556,0.9166666666666666,0.5277777777777778,0.17916666666666667,0.4166666666666667,0.4041666666666666
B1,B,16,42 43 44,0.49583333333333335,0.5740740740740741,0.45648459383080886,0.3333333333333333,0.5416666666666666,0.3333333333333333,0.875,0.513888888888889,0.17499999999999996,0.41250000000000003,0.41250000000000003
B1,B,17,42 43 44,0.42083333333333334,0.5439814814814815,0.4036725005287268,0.3125,0.6041666666666666,0.3333333333333333,0.9166666666666666,0.3819444444444445,0.17500000000000002,0.5000000000000001,0.325
B1,B,18,42 43 44,0.5708333333333333,0.5370370370370371,0.49240760544098244,0.4166666666666667,0.24305555555555555,0.4166666666666667,0.5416666666666666,0.6527777777777777,0.22499999999999998,0.25416666666666665,0.5208333333333334
B1,B,19,42 43 44,0.5083333333333333,0.5277777777777778,0.4500572996082343,0.3055555555555556,0.4861111111111111,0.36111111111111116,0.6666666666666666,0.5555555555555556,0.19166666666666665,0.3875,0.42083333333333334
B1,B,20,42 43 44,0.4291666666666667,0.48148148148148145,0.40288731383960025,0.375,0.20833333333333334,0.4861111111111111,0.5833333333333334,0.375,0.37916666666666665,0.3041666666666667,0.31666666666666665
A2,A,1,42 43 44,0.6074074074074075,0.4197530864197531,0.3909207767392435,0.037037037037037035,0.8518518518518517,0.3333333333333333,0.037037037037037035,0.8888888888888888,0.1851851851851852,0.022222222222222223,0.7925925925925926
A2,A,2,42 43 44,0.6444444444444445,0.6131687242798355,0.6063930089795071,0.4444444444444444,0.3950617283950617,0.7037037037037036,0.4444444444444444,0.6913580246913581,0.3333333333333333,0.1037037037037037,0.5629629629629629
A2,A,3,42 43 44,0.7333333333333334,0.6872427983539094,0.6884042844169076,0.5185185185185185,0.2839506172839506,0.6296296296296297,0.6296296296296297,0.8024691358024691,0.2518518518518518,0.14814814814814817,0.6
A2,A,4,42 43 44,0.5111111111111111,0.522633744855967,0.5022572147953751,0.3703703703703704,0.345679012345679,0.7037037037037037,0.3703703703703704,0.49382716049382713,0.48148148148148145,0.07407407407407407,0.4444444444444445
A2,A,5,42 43 44,0.4666666666666666,0.522633744855967,0.4345884314724879,0.25925925925925924,0.6666666666666666,0.7407407407407408,0.4444444444444445,0.38271604938271603,0.5111111111111111,0.2222222222222222,0.26666666666666666
A2,A,6,42 43 44,0.5185185185185185,0.5102880658436214,0.458690075356742,0.25925925925925924,0.48148148148148145,0.7037037037037037,0.2962962962962963,0.5308641975308642,0.4296296296296296,0.13333333333333333,0.43703703703703706
A2,A,7,42 43 44,0.48148148148148145,0.42386831275720166,0.3615073604931616,0.037037037037037035,0.6790123456790124,0.6666666666666666,0.037037037037037035,0.5679012345679012,0.4518518518518519,0.06666666666666667,0.48148148148148145
A2,A,8,42 43 44,0.5703703703703704,0.6625514403292181,0.5645219916781173,0.2839506172839506,0.6790123456790124,0.9629629629629629,0.5925925925925926,0.43209876543209874,0.5333333333333333,0.16296296296296295,0.3037037037037037
A2,A,9,42 43 44,0.6,0.5473251028806584,0.5081048581048582,0.30864197530864196,0.5185185185185186,0.5925925925925926,0.3703703703703704,0.6790123456790124,0.3481481481481481,0.1259259259259259,0.525925925925926
A2,A,10,42 43 44,0.5703703703703704,0.588477366255144,0.5333542188805347,0.32098765432098764,0.5679012345679012,0.5555555555555555,0.6666666666666666,0.54320987654321,0.2740740740740741,0.28888888888888886,0.43703703703703706
A2,A,11,42 43 44,0.6666666666666666,0.5761316872427984,0.6025580023901486,0.3703703703703704,0.43209876543209874,0.40740740740740744,0.5185185185185185,0.8024691358024691,0.2222222222222222,0.1037037037037037,0.674074074074074
A2,A,12,42 43 44,0.4222222222222222,0.43209876543209874,0.3451650745768393,0.07407407407407407,0.7407407407407408,0.25925925925925924,0.6296296296296297,0.40740740740740744,0.26666666666666666,0.37777777777777777,0.3555555555555556
A2,A,13,42 43 44,0.7333333333333334,0.7037037037037037,0.6825171438443749,0.4567901234567901,0.4444444444444445,0.48148148148148145,0.8518518518518517,0.7777777777777778,0.16296296296296295,0.26666666666666666,0.5703703703703704
A2,A,14,42 43 44,0.5777777777777777,0.5679012345679012,0.5438272696108895,0.4074074074074074,0.34567901234567905,0.5555555555555556,0.5555555555555555,0.5925925925925926,0.3185185185185185,0.2222222222222222,0.45925925925925926
A2,A,15,42 43 44,0.688888888888889,0.6131687242798355,0.6109410190174761,0.3333333333333333,0.5308641975308642,0.3333333333333333,0.7037037037037036,0.8024691358024691,0.17037037037037037,0.2074074074074074,0.6222222222222222
A2,A,16,42 43 44,0.5111111111111111,0.51440329218107,0.4809089073532471,0.3950617283950617,0.23456790123456792,0.5555555555555555,0.48148148148148145,0.5061728395061729,0.37777777777777777,0.21481481481481482,0.40740740740740744
B2,B,1,42 43 44,0.45416666666666666,0.5578703703703703,0.4164123701372637,0.23611111111111113,0.7222222222222222,0.23611111111111113,0.9583333333333334,0.4791666666666667,0.14583333333333334,0.4375,0.4166666666666667
B2,B,2,42 43 44,0.4000000000000001,0.5254629629629629,0.37312680921062485,0.22222222222222224,0.736111111111111,0.22222222222222224,0.9583333333333334,0.3958333333333333,0.13333333333333333,0.5375,0.32916666666666666
B2,B,3,42 43 44,0.4791666666666667,0.5648148148148149,0.44459580852495506,0.3194444444444445,0.5138888888888888,0.40277777777777773,0.8333333333333334,0.4583333333333333,0.25833333333333336,0.36666666666666664,0.375
B2,B,4,42 43 44,0.5,0.5902777777777778,0.438981406605874,0.20833333333333334,0.7916666666666666,0.20833333333333334,1.0,0.5625,0.12500000000000003,0.4166666666666667,0.4583333333333333
B2,B,5,42 43 44,0.4875,0.576388888888889,0.43436331823184443,0.23611111111111113,0.7222222222222222,0.23611111111111113,0.9583333333333334,0.5347222222222222,0.17500000000000002,0.41250000000000003,0.41250000000000003
B2,B,6,42 43 44,0.5416666666666666,0.6134259259259259,0.48492943225557367,0.2777777777777778,0.6805555555555555,0.2777777777777778,0.9583333333333334,0.6041666666666666,0.14583333333333334,0.3541666666666667,0.49999999999999994
B2,B,7,42 43 44,0.4041666666666666,0.539351851851852,0.3926701137315771,0.3333333333333333,0.5833333333333334,0.3611111111111111,0.9166666666666666,0.34027777777777785,0.25416666666666665,0.47500000000000003,0.27083333333333337
B2,B,8,42 43 44,0.5291666666666667,0.625,0.5039284032341892,0.45138888888888884,0.46527777777777785,0.4583333333333333,0.9166666666666666,0.5000000000000001,0.2041666666666667,0.425,0.3708333333333333
B2,B,9,42 43 44,0.4583333333333333,0.5856481481481483,0.4445744793952269,0.3541666666666667,0.5625,0.4583333333333333,0.9166666666666666,0.3819444444444444,0.2833333333333334,0.4000000000000001,0.31666666666666665
B2,B,10,42 43 44,0.4833333333333334,0.5416666666666666,0.44282253954073725,0.3194444444444445,0.47222222222222215,0.3194444444444445,0.7916666666666666,0.513888888888889,0.24166666666666667,0.2916666666666667,0.4666666666666666
B2,B,11,42 43 44,0.5625,0.5486111111111112,0.49339547546574075,0.375,0.3194444444444444,0.375,0.625,0.6458333333333334,0.19999999999999998,0.25833333333333336,0.5416666666666666
B2,B,12,42 43 44,0.5875,0.6527777777777778,0.5423620161277927,0.36111111111111116,0.5972222222222222,0.36111111111111116,0.9583333333333334,0.6388888888888888,0.21666666666666665,0.25833333333333336,0.525
B2,B,13,42 43 44,0.46249999999999997,0.5833333333333334,0.4421041607288909,0.3541666666666667,0.6041666666666666,0.36111111111111116,0.9583333333333334,0.4305555555555555,0.19999999999999998,0.4458333333333333,0.3541666666666667
B2,B,14,42 43 44,0.5583333333333333,0.6157407407407406,0.5092068406338466,0.375,0.5069444444444445,0.375,0.875,0.5972222222222223,0.18333333333333335,0.3333333333333333,0.48333333333333334
B2,B,15,42 43 44,0.49583333333333335,0.611111111111111,0.4707613355405544,0.34722222222222227,0.6527777777777778,0.34722222222222227,1.0,0.48611111111111116,0.13749999999999998,0.5,0.3625
B2,B,16,42 43 44,0.5125000000000001,0.6064814814814815,0.46215809678860104,0.2638888888888889,0.736111111111111,0.2638888888888889,1.0,0.5555555555555555,0.13333333333333333,0.4083333333333334,0.4583333333333333
B2,B,17,42 43 44,0.3875,0.5300925925925927,0.3648724512948529,0.22222222222222224,0.7777777777777777,0.22222222222222224,1.0,0.3680555555555556,0.12500000000000003,0.5541666666666667,0.3208333333333333
B2,B,18,42 43 44,0.525,0.5902777777777778,0.4832451929256618,0.3958333333333333,0.4375,0.40277777777777773,0.8333333333333334,0.5347222222222222,0.2125,0.3916666666666666,0.3958333333333333
B2,B,19,42 43 44,0.4083333333333334,0.39351851851851855,0.35576308702667925,0.2777777777777778,0.19444444444444442,0.3055555555555555,0.4166666666666667,0.4583333333333333,0.275,0.3666666666666667,0.3583333333333334
B2,B,20,42 43 44,0.3833333333333333,0.4976851851851851,0.3638344045972411,0.22222222222222224,0.625,0.5277777777777778,0.7083333333333334,0.2569444444444445,0.4124999999999999,0.35833333333333334,0.22916666666666666
A3,A,1,42 43 44,0.688888888888889,0.5308641975308642,0.5224309685743442,0.14814814814814814,0.7777777777777778,0.5185185185185185,0.14814814814814814,0.9259259259259259,0.23703703703703705,0.044444444444444446,0.7185185185185187
A3,A,2,42 43 44,0.7333333333333334,0.6790123456790124,0.6887102469317812,0.5555555555555555,0.25925925925925924,0.6296296296296297,0.5925925925925926,0.8148148148148148,0.2074074074074074,0.16296296296296298,0.6296296296296297
A3,A,3,42 43 44,0.725925925925926,0.691358024691358,0.6896156583062943,0.5925925925925926,0.1851851851851852,0.5925925925925926,0.7037037037037037,0.7777777777777778,0.24444444444444446,0.1851851851851852,0.5703703703703703
A3,A,4,42 43 44,0.6666666666666666,0.6584362139917695,0.6395080942449364,0.5185185185185185,0.25925925925925924,0.5185185185185185,0.7777777777777777,0.6790123456790124,0.2518518518518518,0.22962962962962963,0.5185185185185185
A3,A,5,42 43 44,0.5703703703703704,0.588477366255144,0.5336562017592904,0.40740740740740744,0.3950617283950617,0.6666666666666666,0.5555555555555556,0.54320987654321,0.3333333333333333,0.24444444444444444,0.4222222222222222
A3,A,6,42 43 44,0.5703703703703704,0.5802469135802469,0.5387440610620042,0.4444444444444444,0.30864197530864196,0.7407407407407408,0.4444444444444444,0.5555555555555555,0.3333333333333333,0.2148148148148148,0.4518518518518519
A3,A,7,42 43 44,0.5555555555555556,0.48971193415637854,0.4563837450793972,0.1851851851851852,0.5679012345679012,0.6296296296296297,0.1851851851851852,0.654320987654321,0.3925925925925926,0.08888888888888889,0.5185185185185185
A3,A,8,42 43 44,0.6444444444444445,0.6790123456790124,0.6336506224357573,0.48148148148148145,0.3703703703703704,0.8518518518518517,0.5925925925925927,0.5925925925925926,0.40740740740740744,0.15555555555555556,0.43703703703703706
A3,A,9,42 43 44,0.6074074074074075,0.6008230452674898,0.5707412241085214,0.43209876543209874,0.3950617283950617,0.6666666666666666,0.5185185185185185,0.6172839506172839,0.362962962962963,0.15555555555555556,0.48148148148148157
A3,A,10,42 43 44,0.5851851851851851,0.5637860082304527,0.5374347948747872,0.40740740740740744,0.2962962962962963,0.6666666666666666,0.40740740740740744,0.6172839506172839,0.3333333333333333,0.16296296296296298,0.5037037037037037
A3,A,11,42 43 44,0.6222222222222222,0.49382716049382713,0.48255265802898334,0.14814814814814814,0.6666666666666666,0.4444444444444444,0.22222222222222224,0.8148148148148149,0.22962962962962963,0.05185185185185185,0.7185185185185184
A3,A,12,42 43 44,0.5703703703703703,0.49794238683127573,0.47736552908148805,0.24691358024691357,0.5185185185185185,0.4444444444444444,0.3703703703703704,0.6790123456790123,0.2740740740740741,0.11851851851851852,0.6074074074074074
A3,A,13,42 43 44,0.6962962962962962,0.6502057613168725,0.6466642953704113,0.5185185185185185,0.2716049382716049,0.5925925925925927,0.5925925925925927,0.7654320987654321,0.22962962962962963,0.17777777777777778,0.5925925925925926
A3,A,14,42 43 44,0.6222222222222222,0.5843621399176954,0.5644575985530481,0.4444444444444444,0.23456790123456792,0.4444444444444444,0.6296296296296297,0.6790123456790123,0.1851851851851852,0.2740740740740741,0.5407407407407407
A3,A,15,42 43 44,0.7333333333333334,0.6625514403292181,0.6711017864526636,0.4444444444444444,0.43209876543209874,0.4444444444444444,0.7037037037037036,0.8395061728395062,0.2074074074074074,0.17037037037037037,0.6222222222222222
A3,A,16,42 43 44,0.5481481481481482,0.5267489711934157,0.497237657423416,0.345679012345679,0.40740740740740744,0.5555555555555555,0.4444444444444444,0.5802469135802468,0.34074074074074073,0.17777777777777778,0.4814814814814814
B3,B,1,42 43 44,0.49583333333333335,0.6319444444444445,0.48231306846293925,0.3958333333333333,0.6041666666666666,0.47222222222222227,1.0,0.4236111111111111,0.25833333333333336,0.4166666666666667,0.325
B3,B,2,42 43 44,0.4708333333333334,0.5671296296296297,0.4352060743657577,0.3055555555555556,0.5694444444444443,0.375,0.875,0.4513888888888889,0.24166666666666667,0.4166666666666667,0.3416666666666666
B3,B,3,42 43 44,0.5291666666666667,0.6064814814814815,0.48247745111829143,0.34722222222222215,0.5694444444444445,0.34722222222222215,0.9166666666666666,0.5555555555555557,0.17916666666666667,0.3833333333333333,0.4375
B3,B,4,42 43 44,0.48333333333333334,0.5995370370370371,0.46117796473827627,0.38888888888888884,0.5694444444444445,0.38888888888888884,0.9583333333333334,0.45138888888888884,0.25416666666666665,0.3833333333333333,0.3625
B3,B,5,42 43 44,0.5166666666666666,0.5879629629629629,0.47075213315965797,0.34722222222222215,0.5277777777777778,0.34722222222222215,0.875,0.5416666666666666,0.23749999999999996,0.3666666666666667,0.3958333333333333
B3,B,6,42 43 44,0.5083333333333333,0.6087962962962963,0.4776117346729356,0.3611111111111111,0.5972222222222222,0.3611111111111111,0.9583333333333334,0.5069444444444445,0.2125,0.37083333333333335,0.4166666666666667
B3,B,7,42 43 44,0.4083333333333334,0.513888888888889,0.39438889569957897,0.34722222222222227,0.4444444444444444,0.40277777777777785,0.7916666666666666,0.34722222222222227,0.33749999999999997,0.37083333333333335,0.2916666666666667
B3,B,8,42 43 44,0.5541666666666667,0.6296296296296297,0.5178898064158192,0.46527777777777785,0.40972222222222215,0.47222222222222215,0.875,0.5416666666666666,0.25,0.35000000000000003,0.39999999999999997
B3,B,9,42 43 44,0.525,0.5972222222222222,0.49480126529901963,0.4166666666666667,0.375,0.5138888888888888,0.7916666666666666,0.48611111111111116,0.26666666666666666,0.3458333333333334,0.3875
B3,B,10,42 43 44,0.4749999999999999,0.5555555555555557,0.4443161488225021,0.36111111111111116,0.47222222222222215,0.36111111111111116,0.8333333333333334,0.47222222222222215,0.26666666666666666,0.32916666666666666,0.4041666666666666
B3,B,11,42 43 44,0.5541666666666666,0.5300925925925926,0.4807006206638152,0.3333333333333333,0.34027777777777773,0.4305555555555556,0.5416666666666666,0.6180555555555556,0.22499999999999998,0.2625,0.5125000000000001
B3,B,12,42 43 44,0.575,0.6458333333333334,0.5202618572811835,0.2916666666666667,0.7083333333333334,0.2916666666666667,1.0,0.6458333333333334,0.1708333333333333,0.2916666666666667,0.5375
B3,B,13,42 43 44,0.4916666666666667,0.5879629629629629,0.4503429722941918,0.2916666666666667,0.6666666666666666,0.2916666666666667,0.9583333333333334,0.5138888888888888,0.1708333333333333,0.4124999999999999,0.4166666666666667
B3,B,14,42 43 44,0.6041666666666666,0.625,0.5430994555739558,0.4166666666666667,0.375,0.4166666666666667,0.7916666666666666,0.6666666666666666,0.19166666666666665,0.3041666666666667,0.5041666666666667
B3,B,15,42 43 44,0.5708333333333333,0.6550925925925926,0.5411114991929766,0.4930555555555556,0.4236111111111111,0.5,0.9166666666666666,0.5486111111111112,0.21666666666666667,0.375,0.4083333333333334
B3,B,16,42 43 44,0.4791666666666667,0.5694444444444445,0.4393038618847965,0.2916666666666667,0.625,0.2916666666666667,0.9166666666666666,0.5000000000000001,0.1625,0.4375,0.39999999999999997
B3,B,17,42 43 44,0.5041666666666667,0.601851851851852,0.4678355217850479,0.3333333333333333,0.625,0.3333333333333333,0.9583333333333334,0.5138888888888888,0.1875,0.3958333333333333,0.4166666666666667
B3,B,18,42 43 44,0.5666666666666668,0.6504629629629629,0.5247556246671682,0.4166666666666667,0.5416666666666666,0.4166666666666667,0.9583333333333334,0.576388888888889,0.2333333333333333,0.3541666666666667,0.41250000000000003
B3,B,19,42 43 44,0.4708333333333334,0.39814814814814814,0.38026461826163827,0.22222222222222224,0.3541666666666667,0.3333333333333333,0.2916666666666667,0.5694444444444444,0.25833333333333336,0.27499999999999997,0.4666666666666666
B3,B,20,42 43 44,0.4749999999999999,0.4953703703703704,0.41545063654350606,0.2777777777777778,0.4236111111111111,0.2777777777777778,0.6666666666666666,0.5416666666666666,0.19166666666666668,0.325,0.48333333333333334
A4,A,1,42 43 44,0.6444444444444445,0.4732510288065844,0.4411654246815431,0.037037037037037035,0.8641975308641975,0.48148148148148145,0.037037037037037035,0.9012345679012346,0.23703703703703705,0.022222222222222223,0.7407407407407408
A4,A,2,42 43 44,0.6666666666666666,0.6419753086419754,0.6206904362129381,0.4444444444444444,0.3703703703703704,0.6296296296296297,0.5925925925925926,0.7037037037037037,0.2740740740740741,0.1851851851851852,0.5407407407407407
A4,A,3,42 43 44,0.7703703703703703,0.7242798353909464,0.7330872569950658,0.6296296296296297,0.2098765432098765,0.6296296296296297,0.7037037037037037,0.8395061728395062,0.1851851851851852,0.19259259259259262,0.6222222222222222
A4,A,4,42 43 44,0.6518518518518518,0.6172839506172839,0.5991849669385901,0.40740740740740744,0.4074074074074074,0.40740740740740744,0.7407407407407408,0.7037037037037037,0.19999999999999998,0.22962962962962963,0.5703703703703704
A4,A,5,42 43 44,0.48888888888888893,0.5020576131687242,0.45599622051980976,0.2962962962962963,0.43209876543209874,0.4444444444444444,0.5925925925925926,0.46913580246913583,0.3333333333333333,0.24444444444444446,0.4222222222222222
A4,A,6,42 43 44,0.6074074074074074,0.6337448559670782,0.5869764145648498,0.5679012345679012,0.17283950617283952,0.7407407407407408,0.5925925925925927,0.5679012345679012,0.34074074074074073,0.23703703703703702,0.4222222222222222
A4,A,7,42 43 44,0.5777777777777777,0.49382716049382713,0.4488176987988819,0.14814814814814814,0.6790123456790124,0.6296296296296297,0.14814814814814814,0.7037037037037037,0.3333333333333333,0.08148148148148149,0.5851851851851851
A4,A,8,42 43 44,0.6814814814814815,0.7160493827160493,0.6612089622387106,0.5802469135802469,0.2716049382716049,0.8148148148148149,0.7037037037037036,0.6296296296296297,0.28888888888888886,0.2740740740740741,0.43703703703703695
A4,A,9,42 43 44,0.6148148148148148,0.6131687242798353,0.5675969554905087,0.40740740740740744,0.46913580246913583,0.7037037037037036,0.5185185185185185,0.6172839506172839,0.37777777777777777,0.15555555555555556,0.4666666666666666
A4,A,10,42 43 44,0.6148148148148148,0.5720164609053499,0.5590767199328244,0.48148148148148145,0.2222222222222222,0.5555555555555555,0.48148148148148145,0.6790123456790123,0.24444444444444446,0.19999999999999998,0.5555555555555555
A4,A,11,42 43 44,0.6666666666666666,0.5679012345679012,0.5885765287726072,0.4074074074074074,0.40740740740740744,0.4074074074074074,0.4814814814814814,0.8148148148148148,0.2148148148148148,0.11851851851851852,0.6666666666666666
A4,A,12,42 43 44,0.5703703703703703,0.5720164609053499,0.5337036962731825,0.3333333333333333,0.40740740740740744,0.40740740740740744,0.7407407407407408,0.5679012345679012,0.24444444444444446,0.28888888888888886,0.4666666666666666
A4,A,13,42 43 44,0.7111111111111111,0.6666666666666666,0.6616304318857038,0.48148148148148145,0.30864197530864196,0.5185185185185185,0.7037037037037036,0.7777777777777777,0.2074074074074074,0.19999999999999998,0.5925925925925927
A4,A,14,42 43 44,0.5777777777777778,0.5596707818930041,0.5251395521104638,0.3703703703703704,0.34567901234567905,0.3703703703703704,0.7037037037037037,0.6049382716049383,0.19999999999999998,0.3259259259259259,0.4740740740740741
A4,A,15,42 43 44,0.7333333333333334,0.6543209876543211,0.6617908619819554,0.3333333333333333,0.5555555555555556,0.3333333333333333,0.7777777777777777,0.851851851851852,0.15555555555555556,0.19259259259259262,0.6518518518518519
A4,A,16,42 43 44,0.5333333333333333,0.5020576131687243,0.47568432535752797,0.30864197530864196,0.4444444444444445,0.5185185185185185,0.40740740740740744,0.5802469135802468,0.35555555555555557,0.17037037037037037,0.47407407407407404
B4,B,1,42 43 44,0.5208333333333334,0.6296296296296297,0.4986678634782513,0.4305555555555555,0.5277777777777778,0.4444444444444444,0.9583333333333334,0.4861111111111111,0.24583333333333335,0.375,0.3791666666666667
B4,B,2,42 43 44,0.5041666666666667,0.5972222222222222,0.4723675944832508,0.34027777777777773,0.5347222222222222,0.4444444444444444,0.875,0.47222222222222227,0.27499999999999997,0.3666666666666667,0.3583333333333334
B4,B,3,42 43 44,0.5458333333333334,0.5925925925925927,0.4843724985206026,0.3263888888888889,0.5138888888888888,0.34722222222222227,0.8333333333333334,0.5972222222222222,0.1875,0.3333333333333333,0.4791666666666667
B4,B,4,42 43 44,0.5166666666666667,0.6203703703703703,0.48441726911088995,0.3819444444444444,0.576388888888889,0.40277777777777773,0.9583333333333334,0.5,0.23750000000000002,0.37083333333333335,0.39166666666666666
B4,B,5,42 43 44,0.46249999999999997,0.5416666666666666,0.4372228328553341,0.3611111111111111,0.4305555555555556,0.38888888888888884,0.7916666666666666,0.4444444444444444,0.3416666666666666,0.3125,0.3458333333333334
B4,B,6,42 43 44,0.525,0.6157407407407408,0.48548459639907865,0.34722222222222227,0.611111111111111,0.34722222222222227,0.9583333333333334,0.5416666666666666,0.20833333333333334,0.3416666666666666,0.45
B4,B,7,42 43 44,0.4708333333333334,0.5810185185185185,0.45853202586324454,0.3680555555555556,0.46527777777777773,0.5277777777777778,0.8333333333333334,0.3819444444444444,0.4083333333333334,0.3,0.2916666666666667
B4,B,8,42 43 44,0.5791666666666666,0.5902777777777778,0.5247692336209232,0.4930555555555556,0.17361111111111108,0.5,0.6666666666666666,0.6041666666666666,0.25833333333333336,0.27499999999999997,0.4666666666666666
B4,B,9,42 43 44,0.5166666666666666,0.5439814814814814,0.4791430325748931,0.47222222222222215,0.1527777777777778,0.5,0.625,0.5069444444444444,0.2791666666666667,0.27499999999999997,0.4458333333333333
B4,B,10,42 43 44,0.4791666666666667,0.5532407407407408,0.44863785428415776,0.3333333333333333,0.5,0.3333333333333333,0.8333333333333334,0.4930555555555555,0.26666666666666666,0.29583333333333334,0.4375
B4,B,11,42 43 44,0.5916666666666667,0.5717592592592592,0.5223005513205715,0.375,0.3541666666666667,0.48611111111111116,0.5833333333333334,0.6458333333333334,0.2625,0.2125,0.525
B4,B,12,42 43 44,0.5833333333333334,0.6550925925925926,0.5308476086850545,0.3194444444444445,0.6805555555555555,0.3194444444444445,1.0,0.6458333333333334,0.19583333333333333,0.2791666666666666,0.525
B4,B,13,42 43 44,0.4791666666666667,0.548611111111111,0.43729272663655183,0.3055555555555556,0.5277777777777778,0.3055555555555556,0.8333333333333334,0.5069444444444445,0.18333333333333335,0.4000000000000001,0.4166666666666667
B4,B,14,42 43 44,0.6208333333333335,0.6597222222222222,0.5808094654439161,0.5625,0.22916666666666666,0.5694444444444445,0.7916666666666666,0.6180555555555555,0.2916666666666667,0.25416666666666665,0.45416666666666666
B4,B,15,42 43 44,0.5583333333333332,0.6620370370370371,0.5259057019815397,0.4444444444444444,0.5555555555555556,0.4444444444444444,1.0,0.5416666666666666,0.22083333333333333,0.3833333333333333,0.3958333333333333
B4,B,16,42 43 44,0.4875,0.5671296296296297,0.44925476322323227,0.3194444444444444,0.5555555555555556,0.3194444444444444,0.875,0.5069444444444444,0.15416666666666667,0.44166666666666665,0.40416666666666673
B4,B,17,42 43 44,0.49999999999999994,0.5601851851851852,0.4533520447934473,0.3055555555555555,0.5277777777777778,0.3055555555555555,0.8333333333333334,0.5416666666666666,0.17916666666666667,0.3625,0.4583333333333333
B4,B,18,42 43 44,0.5041666666666668,0.5069444444444444,0.44485288312340243,0.3611111111111111,0.2777777777777778,0.3888888888888889,0.5833333333333334,0.5486111111111112,0.25833333333333336,0.2708333333333333,0.4708333333333334
B4,B,19,42 43 44,0.4749999999999999,0.5046296296296297,0.4161985259257393,0.2638888888888889,0.4791666666666667,0.2638888888888889,0.7083333333333334,0.5416666666666666,0.1625,0.3958333333333333,0.44166666666666665
B4,B,20,42 43 44,0.45,0.4791666666666667,0.4079728187571325,0.3333333333333333,0.2916666666666667,0.3333333333333333,0.625,0.4791666666666667,0.2416666666666667,0.3166666666666667,0.4416666666666667
A5,A,1,42 43 44,0.6444444444444445,0.4567901234567901,0.42987354444272946,0.037037037037037035,0.8888888888888888,0.4074074074074074,0.037037037037037035,0.9259259259259259,0.19259259259259257,0.02962962962962963,0.7777777777777777
A5,A,2,42 43 44,0.6962962962962963,0.6419753086419754,0.6464449707527854,0.4814814814814814,0.2962962962962963,0.5555555555555555,0.5925925925925926,0.7777777777777777,0.19999999999999998,0.17777777777777778,0.6222222222222221
A5,A,3,42 43 44,0.725925925925926,0.683127572016461,0.6845007840737732,0.5555555555555556,0.23456790123456786,0.5555555555555556,0.7037037037037037,0.7901234567901234,0.22962962962962963,0.19259259259259257,0.5777777777777777
A5,A,4,42 43 44,0.7111111111111111,0.6584362139917695,0.6647261102464781,0.4444444444444444,0.4074074074074074,0.4444444444444444,0.7407407407407408,0.7901234567901234,0.2074074074074074,0.17777777777777778,0.6148148148148148
A5,A,5,42 43 44,0.5259259259259259,0.5473251028806584,0.4823293989960657,0.2962962962962963,0.49382716049382713,0.5925925925925926,0.5555555555555555,0.49382716049382713,0.34814814814814815,0.25925925925925924,0.3925925925925926
A5,A,6,42 43 44,0.5703703703703703,0.588477366255144,0.5413128074320698,0.43209876543209874,0.271604938271605,0.5925925925925926,0.6296296296296297,0.5432098765432097,0.2888888888888889,0.28148148148148144,0.4296296296296296
A5,A,7,42 43 44,0.5185185185185185,0.47736625514403297,0.42348649055298004,0.1851851851851852,0.46913580246913583,0.6296296296296297,0.22222222222222224,0.5802469135802469,0.362962962962963,0.14074074074074075,0.4962962962962963
A5,A,8,42 43 44,0.637037037037037,0.691358024691358,0.6381574336682695,0.5308641975308642,0.2839506172839506,0.8148148148148148,0.7037037037037037,0.5555555555555555,0.4074074074074074,0.19999999999999998,0.3925925925925926
A5,A,9,42 43 44,0.674074074074074,0.6296296296296297,0.6120853825364954,0.35802469135802467,0.5061728395061729,0.48148148148148145,0.6666666666666666,0.7407407407407408,0.2222222222222222,0.19999999999999998,0.5777777777777777
A5,A,10,42 43 44,0.6666666666666666,0.625514403292181,0.6114207377584328,0.4444444444444444,0.3703703703703704,0.6296296296296297,0.5185185185185185,0.7283950617283951,0.23703703703703702,0.19259259259259257,0.5703703703703704
A5,A,11,42 43 44,0.6296296296296297,0.48148148148148145,0.4759812461989185,0.14814814814814814,0.7037037037037037,0.4444444444444444,0.14814814814814814,0.8518518518518517,0.19999999999999998,0.02962962962962963,0.7703703703703703
A5,A,12,42 43 44,0.5777777777777778,0.5514403292181069,0.5244713390575444,0.2839506172839506,0.4197530864197531,0.3703703703703704,0.6666666666666666,0.6172839506172839,0.22962962962962963,0.24444444444444444,0.5259259259259259
A5,A,13,42 43 44,0.7259259259259259,0.6584362139917695,0.6626496555503394,0.4444444444444444,0.43209876543209874,0.4444444444444444,0.7037037037037036,0.8271604938271605,0.14814814814814814,0.2074074074074074,0.6444444444444445
A5,A,14,42 43 44,0.6444444444444445,0.5637860082304527,0.5658154075254672,0.3333333333333333,0.43209876543209874,0.3333333333333333,0.5925925925925927,0.7654320987654321,0.13333333333333333,0.23703703703703702,0.6296296296296297
A5,A,15,42 43 44,0.7037037037037037,0.6131687242798355,0.6210220378500626,0.2962962962962963,0.5802469135802469,0.2962962962962963,0.7037037037037036,0.8395061728395062,0.16296296296296298,0.17777777777777778,0.6592592592592593
A5,A,16,42 43 44,0.5259259259259259,0.5061728395061729,0.4780521937642681,0.345679012345679,0.38271604938271603,0.5185185185185185,0.4444444444444444,0.5555555555555555,0.34074074074074073,0.1851851851851852,0.47407407407407404
B5,B,1,42 43 44,0.48750000000000004,0.6134259259259259,0.4705667106022571,0.375,0.5833333333333334,0.4583333333333334,0.9583333333333334,0.4236111111111111,0.2625,0.4166666666666667,0.3208333333333333
B5,B,2,42 43 44,0.48333333333333334,0.5763888888888888,0.44677912593405544,0.3263888888888889,0.5486111111111112,0.38888888888888884,0.875,0.46527777777777773,0.23333333333333336,0.41250000000000003,0.3541666666666667
B5,B,3,42 43 44,0.5208333333333334,0.6157407407407408,0.4826975220435136,0.3611111111111111,0.5972222222222222,0.3611111111111111,0.9583333333333334,0.5277777777777778,0.18333333333333335,0.4041666666666666,0.41250000000000003
B5,B,4,42 43 44,0.48333333333333334,0.5902777777777778,0.4520795806397942,0.3333333333333333,0.625,0.3333333333333333,0.9583333333333334,0.4791666666666667,0.2041666666666667,0.39999999999999997,0.3958333333333333
B5,B,5,42 43 44,0.5083333333333333,0.5972222222222223,0.47015947181291845,0.36111111111111116,0.5555555555555555,0.36111111111111116,0.9166666666666666,0.5138888888888888,0.24583333333333335,0.37083333333333335,0.3833333333333333
B5,B,6,42 43 44,0.5083333333333333,0.6226851851851852,0.4795711456822748,0.375,0.625,0.375,1.0,0.4930555555555556,0.21666666666666667,0.3875,0.3958333333333333
B5,B,7,42 43 44,0.4166666666666667,0.5115740740740741,0.40189804862731315,0.3263888888888889,0.3819444444444444,0.49999999999999994,0.7083333333333334,0.3263888888888889,0.3833333333333333,0.35833333333333334,0.25833333333333336
B5,B,8,42 43 44,0.5416666666666666,0.6087962962962963,0.5053739395482946,0.4583333333333333,0.375,0.4583333333333333,0.8333333333333334,0.5347222222222222,0.225,0.3666666666666667,0.4083333333333334
B5,B,9,42 43 44,0.5208333333333334,0.5833333333333334,0.4882731195884098,0.4305555555555556,0.3194444444444444,0.513888888888889,0.75,0.48611111111111116,0.28750000000000003,0.3166666666666667,0.3958333333333333
B5,B,10,42 43 44,0.4749999999999999,0.5671296296296297,0.4466584676729604,0.3611111111111111,0.513888888888889,0.3611111111111111,0.875,0.46527777777777773,0.2583333333333333,0.3458333333333334,0.3958333333333333
B5,B,11,42 43 44,0.6,0.5787037037037037,0.5303346411026553,0.4305555555555556,0.2916666666666667,0.4305555555555556,0.625,0.6805555555555555,0.21666666666666665,0.21666666666666667,0.5666666666666668
B5,B,12,42 43 44,0.5708333333333333,0.6435185185185185,0.5260329518176695,0.3611111111111111,0.5972222222222222,0.3611111111111111,0.9583333333333334,0.6111111111111112,0.2041666666666667,0.29583333333333334,0.5
B5,B,13,42 43 44,0.48333333333333334,0.5833333333333334,0.4531075257147836,0.36111111111111116,0.5555555555555555,0.36111111111111116,0.9166666666666666,0.47222222222222227,0.2041666666666667,0.4291666666666667,0.3666666666666667
B5,B,14,42 43 44,0.5916666666666667,0.6134259259259259,0.5365867932534141,0.4583333333333333,0.2916666666666667,0.4583333333333333,0.75,0.6319444444444445,0.21666666666666665,0.3125,0.47083333333333327
B5,B,15,42 43 44,0.5791666666666667,0.6666666666666666,0.5437243638784076,0.4583333333333333,0.5,0.47222222222222227,0.9583333333333334,0.5694444444444445,0.2125,0.3791666666666667,0.4083333333333334
B5,B,16,42 43 44,0.49583333333333335,0.5833333333333334,0.45706989556406313,0.3194444444444444,0.5972222222222222,0.3194444444444444,0.9166666666666666,0.513888888888889,0.1708333333333333,0.4166666666666667,0.41250000000000003
B5,B,17,42 43 44,0.5041666666666668,0.6087962962962963,0.4751920662141478,0.3680555555555556,0.5902777777777778,0.375,0.9583333333333334,0.4930555555555556,0.1875,0.41250000000000003,0.39999999999999997
B5,B,18,42 43 44,0.5375,0.5902777777777777,0.49284041834125275,0.40277777777777773,0.3888888888888889,0.4305555555555555,0.7916666666666666,0.5486111111111112,0.25416666666666665,0.3166666666666667,0.4291666666666667
B5,B,19,42 43 44,0.47500000000000003,0.41898148148148145,0.39409542423537086,0.2916666666666667,0.2916666666666667,0.3055555555555556,0.375,0.576388888888889,0.20833333333333334,0.31666666666666665,0.47500000000000003
B5,B,20,42 43 44,0.44583333333333336,0.4884259259259259,0.40685041457417054,0.3333333333333333,0.3333333333333333,0.3333333333333333,0.6666666666666666,0.46527777777777773,0.2125,0.3708333333333333,0.4166666666666667
A6,A,1,42 43 44,0.6592592592592593,0.46502057613168724,0.4549678615252386,0.07407407407407407,0.8765432098765432,0.3703703703703704,0.07407407407407407,0.9506172839506172,0.14814814814814814,0.03703703703703704,0.8148148148148149
A6,A,2,42 43 44,0.6592592592592592,0.6790123456790124,0.6377520182101764,0.5185185185185185,0.40740740740740744,0.8888888888888888,0.5185185185185185,0.6296296296296297,0.38518518518518524,0.14074074074074075,0.4740740740740741
A6,A,3,42 43 44,0.7407407407407408,0.6913580246913581,0.6949492417913471,0.5555555555555556,0.25925925925925924,0.5555555555555556,0.7037037037037037,0.8148148148148149,0.2148148148148148,0.19259259259259257,0.5925925925925926
A6,A,4,42 43 44,0.5111111111111111,0.5637860082304527,0.5179210095451351,0.38271604938271603,0.46913580246913583,0.8518518518518517,0.4074074074074074,0.43209876543209874,0.5555555555555555,0.08888888888888889,0.3555555555555556
A6,A,5,42 43 44,0.5111111111111111,0.5967078189300411,0.5025427535572463,0.345679012345679,0.5432098765432098,0.5185185185185185,0.8888888888888888,0.38271604938271603,0.2962962962962963,0.4222222222222222,0.2814814814814815
A6,A,6,42 43 44,0.5703703703703703,0.6131687242798354,0.5475928632322494,0.3950617283950617,0.34567901234567905,0.6296296296296297,0.7037037037037037,0.5061728395061729,0.2814814814814815,0.3333333333333333,0.38518518518518513
A6,A,7,42 43 44,0.4444444444444445,0.5020576131687242,0.4059505992051347,0.23456790123456792,0.5802469135802469,0.8148148148148148,0.3333333333333333,0.35802469135802467,0.48148148148148145,0.23703703703703705,0.2814814814814815
A6,A,8,42 43 44,0.5925925925925926,0.7078189300411522,0.5979491073493666,0.419753086419753,0.46913580246913583,0.8148148148148149,0.8888888888888888,0.419753086419753,0.40740740740740744,0.3259259259259259,0.26666666666666666
A6,A,9,42 43 44,0.6148148148148148,0.6131687242798355,0.5730746696531853,0.3703703703703704,0.46913580246913583,0.6296296296296297,0.5925925925925926,0.6172839506172839,0.3333333333333333,0.19999999999999998,0.4666666666666666
A6,A,10,42 43 44,0.6,0.6543209876543209,0.5908891938755441,0.48148148148148145,0.2962962962962963,0.7037037037037037,0.7407407407407408,0.5185185185185185,0.2814814814814815,0.3111111111111111,0.40740740740740744
A6,A,11,42 43 44,0.6666666666666666,0.5102880658436214,0.5338090440392231,0.2222222222222222,0.6790123456790124,0.4074074074074074,0.2222222222222222,0.9012345679012346,0.16296296296296295,0.044444444444444446,0.7925925925925926
A6,A,12,42 43 44,0.4666666666666666,0.5802469135802468,0.4871670377891457,0.2962962962962963,0.5185185185185186,0.7777777777777778,0.6666666666666666,0.2962962962962963,0.5185185185185185,0.23703703703703705,0.24444444444444446
A6,A,13,42 43 44,0.6814814814814815,0.6748971193415638,0.6405826321827428,0.4444444444444444,0.4444444444444444,0.4444444444444444,0.8888888888888888,0.691358024691358,0.14814814814814814,0.34074074074074073,0.5111111111111111
A6,A,14,42 43 44,0.5407407407407407,0.5308641975308642,0.4825015191620199,0.25925925925925924,0.54320987654321,0.48148148148148145,0.5555555555555555,0.5555555555555556,0.3333333333333333,0.24444444444444446,0.4222222222222222
A6,A,15,42 43 44,0.7185185185185184,0.6213991769547326,0.6203216374269005,0.2222222222222222,0.6790123456790123,0.2222222222222222,0.7777777777777777,0.8641975308641975,0.11851851851851851,0.19999999999999998,0.6814814814814815
A6,A,16,42 43 44,0.5259259259259259,0.51440329218107,0.48864855242866273,0.345679012345679,0.3703703703703704,0.5185185185185185,0.48148148148148145,0.54320987654321,0.3703703703703704,0.17777777777777778,0.4518518518518518
B6,B,1,42 43 44,0.48750000000000004,0.6087962962962963,0.46777858883091405,0.3680555555555556,0.5902777777777778,0.4305555555555556,0.9583333333333334,0.4375,0.24166666666666667,0.425,0.3333333333333333
B6,B,2,42 43 44,0.42083333333333334,0.5532407407407408,0.39213102249486886,0.24999999999999997,0.75,0.24999999999999997,1.0,0.40972222222222227,0.15833333333333333,0.5208333333333334,0.32083333333333336
B6,B,3,42 43 44,0.5291666666666667,0.6203703703703703,0.48888822483296135,0.3611111111111111,0.5972222222222222,0.3611111111111111,0.9583333333333334,0.5416666666666666,0.17916666666666667,0.39999999999999997,0.42083333333333334
B6,B,4,42 43 44,0.49166666666666664,0.6041666666666667,0.45783022133281487,0.3194444444444445,0.6805555555555555,0.3194444444444445,1.0,0.4930555555555555,0.1875,0.42083333333333334,0.39166666666666666
B6,B,5,42 43 44,0.5,0.5902777777777778,0.46167929434551763,0.34722222222222227,0.5694444444444444,0.34722222222222227,0.9166666666666666,0.5069444444444445,0.2416666666666667,0.3833333333333333,0.375
B6,B,6,42 43 44,0.48333333333333334,0.6087962962962963,0.460296219266322,0.375,0.625,0.375,1.0,0.45138888888888884,0.2125,0.44166666666666665,0.3458333333333334
B6,B,7,42 43 44,0.39999999999999997,0.5347222222222222,0.3938348785929695,0.28472222222222227,0.548611111111111,0.4861111111111111,0.8333333333333334,0.28472222222222227,0.37916666666666665,0.39166666666666666,0.22916666666666666
B6,B,8,42 43 44,0.5541666666666667,0.6412037037037037,0.5222319030899228,0.4444444444444444,0.47222222222222227,0.47222222222222215,0.9166666666666666,0.5347222222222222,0.2125,0.4041666666666666,0.38333333333333336
B6,B,9,42 43 44,0.5166666666666667,0.5972222222222222,0.49026000624779753,0.40277777777777785,0.38888888888888884,0.5416666666666667,0.7916666666666666,0.4583333333333333,0.30833333333333335,0.3166666666666667,0.375
B6,B,10,42 43 44,0.4666666666666666,0.5439814814814815,0.43760037348272646,0.375,0.4166666666666667,0.3888888888888889,0.7916666666666666,0.45138888888888884,0.2833333333333333,0.3333333333333333,0.3833333333333333
B6,B,11,42 43 44,0.5916666666666667,0.5578703703703703,0.5148632787576681,0.40277777777777773,0.3263888888888889,0.40277777777777773,0.5833333333333334,0.6875,0.2041666666666667,0.21666666666666665,0.5791666666666666
B6,B,12,42 43 44,0.5791666666666667,0.648148148148148,0.5336143689779371,0.3611111111111111,0.5972222222222222,0.3611111111111111,0.9583333333333334,0.625,0.19999999999999998,0.28750000000000003,0.5125000000000001
B6,B,13,42 43 44,0.44583333333333336,0.5509259259259259,0.41587803816662333,0.2916666666666667,0.625,0.2916666666666667,0.9166666666666666,0.4444444444444444,0.17499999999999996,0.4749999999999999,0.35000000000000003
B6,B,14,42 43 44,0.5958333333333333,0.6134259259259259,0.5406124775355811,0.5069444444444444,0.20138888888888892,0.513888888888889,0.7083333333333334,0.6180555555555555,0.25416666666666665,0.2916666666666667,0.45416666666666666
B6,B,15,42 43 44,0.5291666666666667,0.6388888888888888,0.5094858901583202,0.4375,0.5208333333333334,0.47222222222222215,0.9583333333333334,0.48611111111111116,0.1958333333333333,0.45,0.3541666666666667
B6,B,16,42 43 44,0.4666666666666666,0.5648148148148149,0.43407424799491295,0.3055555555555556,0.611111111111111,0.3055555555555556,0.9166666666666666,0.47222222222222227,0.1708333333333333,0.44166666666666665,0.3875
B6,B,17,42 43 44,0.40416666666666673,0.5439814814814814,0.3931790070331847,0.3125,0.6458333333333334,0.3194444444444445,0.9583333333333334,0.3541666666666667,0.1708333333333333,0.5416666666666666,0.28750000000000003
B6,B,18,42 43 44,0.5416666666666666,0.6018518518518517,0.49972678622789085,0.4166666666666667,0.4166666666666667,0.4166666666666667,0.8333333333333334,0.5555555555555555,0.24583333333333335,0.32083333333333336,0.4333333333333333
B6,B,19,42 43 44,0.4458333333333333,0.5324074074074074,0.4178005146529398,0.3194444444444445,0.5138888888888888,0.3194444444444445,0.8333333333333334,0.4444444444444444,0.17500000000000002,0.5,0.32499999999999996
B6,B,20,42 43 44,0.4583333333333333,0.5439814814814815,0.43496269791966347,0.34027777777777773,0.3680555555555556,0.625,0.6666666666666666,0.34027777777777773,0.425,0.3041666666666667,0.2708333333333333
A_main,A,1,42 43 44,0.6518518518518519,0.4855967078189301,0.4599721815146361,0.07407407407407407,0.8271604938271605,0.48148148148148145,0.07407407407407407,0.9012345679012346,0.23703703703703702,0.02962962962962963,0.7333333333333333
A_main,A,2,42 43 44,0.6814814814814816,0.6584362139917695,0.6538665737671673,0.5925925925925926,0.14814814814814817,0.6666666666666666,0.5925925925925926,0.7160493827160493,0.2518518518518518,0.1851851851851852,0.5629629629629629
A_main,A,3,42 43 44,0.7185185185185184,0.6790123456790124,0.6762132389136174,0.5555555555555556,0.22222222222222218,0.5555555555555556,0.7037037037037037,0.7777777777777778,0.23703703703703705,0.19259259259259257,0.5703703703703704
A_main,A,4,42 43 44,0.7037037037037037,0.6213991769547325,0.6270337327861562,0.40740740740740744,0.4691358024691357,0.40740740740740744,0.6296296296296297,0.8271604938271605,0.17037037037037037,0.17777777777777778,0.6518518518518519
A_main,A,5,42 43 44,0.5555555555555555,0.5967078189300411,0.5332716739677056,0.419753086419753,0.35802469135802467,0.5925925925925926,0.7037037037037037,0.49382716049382713,0.3259259259259259,0.3037037037037037,0.3703703703703704
A_main,A,6,42 43 44,0.5925925925925927,0.5925925925925926,0.5535130739637103,0.4567901234567901,0.271604938271605,0.5925925925925926,0.5925925925925926,0.5925925925925926,0.26666666666666666,0.26666666666666666,0.4666666666666666
A_main,A,7,42 43 44,0.5259259259259258,0.4650205761316873,0.4126335811201711,0.1111111111111111,0.6049382716049383,0.6666666666666666,0.1111111111111111,0.6172839506172839,0.4296296296296296,0.08148148148148147,0.48888888888888893
A_main,A,8,42 43 44,0.6518518518518519,0.6666666666666666,0.6326453658386432,0.5555555555555556,0.22222222222222218,0.6666666666666666,0.7037037037037036,0.6296296296296297,0.30370370370370364,0.21481481481481482,0.48148148148148145
A_main,A,9,42 43 44,0.6666666666666666,0.6337448559670782,0.6138581716920394,0.35802469135802467,0.5185185185185185,0.5185185185185185,0.6666666666666666,0.7160493827160493,0.22962962962962963,0.2074074074074074,0.562962962962963
A_main,A,10,42 43 44,0.637037037037037,0.6255144032921811,0.6019705603038936,0.5185185185185185,0.2222222222222222,0.6666666666666666,0.5555555555555556,0.6543209876543211,0.25925925925925924,0.22222222222222224,0.5185185185185186
A_main,A,11,42 43 44,0.6074074074074074,0.46913580246913583,0.4494942210746448,0.1111111111111111,0.7037037037037037,0.48148148148148145,0.1111111111111111,0.8148148148148149,0.22962962962962963,0.022222222222222223,0.7481481481481481
A_main,A,12,42 43 44,0.5925925925925926,0.6008230452674898,0.569421680836933,0.35802469135802467,0.43209876543209874,0.5185185185185185,0.7037037037037037,0.5802469135802469,0.29629629629629634,0.22222222222222224,0.48148148148148145
A_main,A,13,42 43 44,0.7111111111111111,0.6584362139917695,0.6572024615452149,0.48148148148148145,0.3950617283950617,0.48148148148148145,0.7037037037037036,0.7901234567901234,0.17777777777777778,0.2074074074074074,0.6148148148148148
A_main,A,14,42 43 44,0.6592592592592593,0.588477366255144,0.5861803059598513,0.3703703703703703,0.4197530864197531,0.3703703703703703,0.6296296296296297,0.7654320987654321,0.13333333333333333,0.2518518518518518,0.6148148148148148
A_main,A,15,42 43 44,0.7481481481481481,0.6872427983539094,0.6977329067370346,0.48148148148148145,0.3950617283950617,0.48148148148148145,0.7407407407407408,0.8395061728395062,0.2074074074074074,0.17037037037037037,0.6222222222222222
A_main,A,16,42 43 44,0.5407407407407407,0.51440329218107,0.484274367607701,0.2962962962962963,0.46913580246913583,0.48148148148148145,0.48148148148148145,0.5802469135802469,0.3185185185185185,0.19259259259259257,0.48888888888888893
B_main,B,1,42 43 44,0.48333333333333334,0.5995370370370371,0.465570263392266,0.375,0.5416666666666666,0.4583333333333334,0.9166666666666666,0.42361111111111116,0.26666666666666666,0.41250000000000003,0.32083333333333336
B_main,B,2,42 43 44,0.48333333333333334,0.576388888888889,0.4433480424708495,0.3055555555555555,0.5694444444444445,0.3888888888888889,0.875,0.46527777777777785,0.23750000000000002,0.4041666666666666,0.3583333333333334
B_main,B,3,42 43 44,0.5208333333333334,0.6296296296296297,0.4870469029059914,0.375,0.625,0.375,1.0,0.513888888888889,0.19166666666666668,0.4124999999999999,0.3958333333333333
B_main,B,4,42 43 44,0.4875,0.5949074074074073,0.45673505330368075,0.34722222222222215,0.6111111111111112,0.34722222222222215,0.9583333333333334,0.4791666666666667,0.20833333333333334,0.4000000000000001,0.39166666666666666
B_main,B,5,42 43 44,0.5125000000000001,0.601851851851852,0.4754844330742322,0.375,0.5416666666666666,0.375,0.9166666666666666,0.5138888888888888,0.25,0.3666666666666667,0.3833333333333333
B_main,B,6,42 43 44,0.5125000000000001,0.625,0.483108607994635,0.375,0.625,0.375,1.0,0.5,0.2291666666666667,0.37083333333333335,0.39999999999999997
B_main,B,7,42 43 44,0.4291666666666667,0.5208333333333334,0.41260823118081363,0.34027777777777785,0.3680555555555555,0.5138888888888888,0.7083333333333334,0.34027777777777785,0.37916666666666665,0.3541666666666667,0.26666666666666666
B_main,B,8,42 43 44,0.5458333333333334,0.6180555555555555,0.5129929659884866,0.4861111111111111,0.34722222222222227,0.49999999999999994,0.8333333333333334,0.5208333333333334,0.24583333333333335,0.3708333333333333,0.3833333333333333
B_main,B,9,42 43 44,0.5208333333333334,0.5949074074074074,0.49186551732233835,0.42361111111111116,0.3680555555555555,0.513888888888889,0.7916666666666666,0.4791666666666667,0.27499999999999997,0.3375000000000001,0.3875
B_main,B,10,42 43 44,0.47083333333333327,0.5648148148148149,0.4429084849756093,0.3611111111111111,0.513888888888889,0.3611111111111111,0.875,0.4583333333333333,0.2583333333333333,0.3541666666666667,0.38749999999999996
B_main,B,11,42 43 44,0.5833333333333334,0.5671296296296297,0.5131939498788322,0.4166666666666667,0.2986111111111111,0.4166666666666667,0.625,0.6597222222222222,0.21666666666666667,0.24166666666666667,0.5416666666666666
B_main,B,12,42 43 44,0.5666666666666667,0.6388888888888888,0.5199317396467746,0.34722222222222227,0.611111111111111,0.34722222222222227,0.9583333333333334,0.6111111111111112,0.19999999999999998,0.3041666666666667,0.4958333333333333
B_main,B,13,42 43 44,0.48333333333333334,0.5833333333333334,0.4532978643539083,0.36111111111111116,0.5555555555555555,0.36111111111111116,0.9166666666666666,0.47222222222222227,0.2041666666666667,0.425,0.37083333333333335
B_main,B,14,42 43 44,0.5958333333333333,0.6203703703703703,0.5423762931138527,0.4861111111111111,0.2638888888888889,0.4861111111111111,0.75,0.625,0.22916666666666666,0.3125,0.4583333333333333
B_main,B,15,42 43 44,0.5791666666666667,0.6689814814814815,0.5467728663196564,0.47222222222222227,0.4861111111111111,0.4861111111111111,0.9583333333333334,0.5625,0.22083333333333333,0.3708333333333333,0.4083333333333334
B_main,B,16,42 43 44,0.48333333333333334,0.5763888888888888,0.4483398083995069,0.3194444444444444,0.5972222222222222,0.3194444444444444,0.9166666666666666,0.4930555555555556,0.17500000000000002,0.43333333333333335,0.39166666666666666
B_main,B,17,42 43 44,0.4958333333333333,0.6018518518518519,0.466953778803845,0.3611111111111111,0.5972222222222222,0.3611111111111111,0.9583333333333334,0.48611111111111116,0.17916666666666667,0.425,0.3958333333333333
B_main,B,18,42 43 44,0.525,0.6134259259259259,0.4909501181317046,0.3888888888888889,0.5277777777777778,0.40277777777777773,0.9166666666666666,0.5208333333333334,0.25833333333333336,0.3458333333333334,0.3958333333333333
B_main,B,19,42 43 44,0.4666666666666666,0.3888888888888889,0.377030492135705,0.25000000000000006,0.3333333333333333,0.2916666666666667,0.2916666666666667,0.5833333333333334,0.2041666666666667,0.3125,0.48333333333333334
B_main,B,20,42 43 44,0.45416666666666666,0.4930555555555556,0.412406314230437,0.3333333333333333,0.3333333333333333,0.3333333333333333,0.6666666666666666,0.4791666666666667,0.2125,0.3625,0.425
